date,time,datetime,cash_type,card,amount,product
3/1/2024,15:50:00,3/1/2024 15:50,card,ANON-0000-0000-0001,38.7,Latte
3/1/2024,19:22:00,3/1/2024 19:22,card,ANON-0000-0000-0002,38.7,Hot Chocolate
3/1/2024,20:18:00,3/1/2024 20:18,card,ANON-0000-0000-0002,38.7,Hot Chocolate
3/1/2024,22:33:00,3/1/2024 22:33,card,ANON-0000-0000-0003,28.9,Americano
3/1/2024,0:14:00,3/1/2024 0:14,card,ANON-0000-0000-0004,38.7,Latte
3/1/2024,15:47:00,3/1/2024 15:47,card,ANON-0000-0000-0005,33.8,Americano with Milk
3/1/2024,19:02:00,3/1/2024 19:02,card,ANON-0000-0000-0006,38.7,Hot Chocolate
3/1/2024,15:03:00,3/1/2024 15:03,card,ANON-0000-0000-0007,33.8,Americano with Milk
3/1/2024,22:01:00,3/1/2024 22:01,card,ANON-0000-0000-0008,38.7,Cocoa
3/1/2024,23:15:00,3/1/2024 23:15,card,ANON-0000-0000-0008,33.8,Americano with Milk
3/1/2024,5:17:00,3/1/2024 5:17,card,ANON-0000-0000-0009,33.8,Americano with Milk
3/2/2024,22:07:00,3/2/2024 22:07,card,ANON-0000-0000-0010,28.9,Americano
3/2/2024,6:35:00,3/2/2024 6:35,cash,Cash,40,Latte
3/2/2024,17:41:00,3/2/2024 17:41,card,ANON-0000-0000-0011,33.8,Americano with Milk
3/2/2024,11:45:00,3/2/2024 11:45,card,ANON-0000-0000-0012,33.8,Americano with Milk
3/2/2024,14:35:00,3/2/2024 14:35,card,ANON-0000-0000-0013,28.9,Americano
3/2/2024,13:24:00,3/2/2024 13:24,card,ANON-0000-0000-0014,33.8,Americano with Milk
3/2/2024,10:55:00,3/2/2024 10:55,card,ANON-0000-0000-0004,28.9,Americano
3/3/2024,10:44:00,3/3/2024 10:44,cash,Cash,40,Latte
3/3/2024,3:18:00,3/3/2024 3:18,card,ANON-0000-0000-0015,38.7,Latte
3/3/2024,9:56:00,3/3/2024 9:56,card,ANON-0000-0000-0016,28.9,Cortado
3/3/2024,2:56:00,3/3/2024 2:56,card,ANON-0000-0000-0012,28.9,Americano
3/3/2024,9:36:00,3/3/2024 9:36,card,ANON-0000-0000-0017,38.7,Hot Chocolate
3/3/2024,6:40:00,3/3/2024 6:40,card,ANON-0000-0000-0018,38.7,Cocoa
3/3/2024,8:45:00,3/3/2024 8:45,card,ANON-0000-0000-0019,28.9,Cortado
3/3/2024,3:23:00,3/3/2024 3:23,card,ANON-0000-0000-0020,33.8,Americano with Milk
3/3/2024,4:27:00,3/3/2024 4:27,card,ANON-0000-0000-0020,33.8,Americano with Milk
3/3/2024,8:05:00,3/3/2024 8:05,card,ANON-0000-0000-0020,38.7,Hot Chocolate
3/4/2024,3:52:00,3/4/2024 3:52,card,ANON-0000-0000-0001,38.7,Latte
3/4/2024,6:51:00,3/4/2024 6:51,card,ANON-0000-0000-0021,38.7,Latte
3/4/2024,5:16:00,3/4/2024 5:16,card,ANON-0000-0000-0012,33.8,Americano with Milk
3/4/2024,4:37:00,3/4/2024 4:37,card,ANON-0000-0000-0022,24,Espresso
3/5/2024,11:52:00,3/5/2024 11:52,card,ANON-0000-0000-0001,38.7,Latte
3/5/2024,10:56:00,3/5/2024 10:56,card,ANON-0000-0000-0023,38.7,Latte
3/5/2024,10:06:00,3/5/2024 10:06,card,ANON-0000-0000-0024,38.7,Latte
3/5/2024,11:25:00,3/5/2024 11:25,card,ANON-0000-0000-0025,38.7,Hot Chocolate
3/5/2024,12:28:00,3/5/2024 12:28,card,ANON-0000-0000-0026,38.7,Cocoa
3/5/2024,13:13:00,3/5/2024 13:13,card,ANON-0000-0000-0027,38.7,Hot Chocolate
3/5/2024,14:09:00,3/5/2024 14:09,card,ANON-0000-0000-0009,38.7,Hot Chocolate
3/5/2024,8:15:00,3/5/2024 8:15,card,ANON-0000-0000-0028,28.9,Cortado
3/5/2024,1:31:00,3/5/2024 1:31,card,ANON-0000-0000-0028,38.7,Hot Chocolate
3/6/2024,6:27:00,3/6/2024 6:27,cash,Cash,35,Americano with Milk
3/6/2024,0:07:00,3/6/2024 0:07,card,ANON-0000-0000-0012,28.9,Americano
3/6/2024,1:14:00,3/6/2024 1:14,card,ANON-0000-0000-0012,28.9,Cortado
3/6/2024,4:01:00,3/6/2024 4:01,card,ANON-0000-0000-0029,38.7,Cappuccino
3/6/2024,5:18:00,3/6/2024 5:18,card,ANON-0000-0000-0029,38.7,Cappuccino
3/7/2024,8:58:00,3/7/2024 8:58,cash,Cash,40,Latte
3/7/2024,18:40:00,3/7/2024 18:40,card,ANON-0000-0000-0030,38.7,Hot Chocolate
3/7/2024,3:59:00,3/7/2024 3:59,card,ANON-0000-0000-0031,38.7,Latte
3/7/2024,1:44:00,3/7/2024 1:44,cash,Cash,40,Latte
3/7/2024,16:22:00,3/7/2024 16:22,card,ANON-0000-0000-0032,28.9,Americano
3/7/2024,17:28:00,3/7/2024 17:28,card,ANON-0000-0000-0033,33.8,Americano with Milk
3/8/2024,10:41:00,3/8/2024 10:41,card,ANON-0000-0000-0012,28.9,Cortado
3/8/2024,22:28:00,3/8/2024 22:28,card,ANON-0000-0000-0034,38.7,Cappuccino
3/8/2024,5:02:00,3/8/2024 5:02,card,ANON-0000-0000-0035,28.9,Americano
3/8/2024,20:12:00,3/8/2024 20:12,card,ANON-0000-0000-0012,28.9,Americano
3/8/2024,21:11:00,3/8/2024 21:11,card,ANON-0000-0000-0033,28.9,Americano
3/8/2024,22:11:00,3/8/2024 22:11,card,ANON-0000-0000-0012,33.8,Americano with Milk
3/8/2024,9:51:00,3/8/2024 9:51,card,ANON-0000-0000-0036,38.7,Latte
3/8/2024,11:24:00,3/8/2024 11:24,card,ANON-0000-0000-0037,38.7,Latte
3/9/2024,1:37:00,3/9/2024 1:37,cash,Cash,40,Hot Chocolate
3/9/2024,5:15:00,3/9/2024 5:15,card,ANON-0000-0000-0038,24,Espresso
3/9/2024,7:38:00,3/9/2024 7:38,card,ANON-0000-0000-0039,28.9,Americano
3/9/2024,9:47:00,3/9/2024 9:47,card,ANON-0000-0000-0012,38.7,Cappuccino
3/9/2024,13:03:00,3/9/2024 13:03,card,ANON-0000-0000-0040,28.9,Americano
3/9/2024,14:26:00,3/9/2024 14:26,card,ANON-0000-0000-0040,28.9,Americano
3/9/2024,9:22:00,3/9/2024 9:22,card,ANON-0000-0000-0041,38.7,Latte
3/9/2024,17:06:00,3/9/2024 17:06,card,ANON-0000-0000-0042,33.8,Americano with Milk
3/9/2024,5:10:00,3/9/2024 5:10,card,ANON-0000-0000-0043,28.9,Cortado
3/9/2024,6:36:00,3/9/2024 6:36,card,ANON-0000-0000-0043,38.7,Cappuccino
3/9/2024,8:01:00,3/9/2024 8:01,card,ANON-0000-0000-0009,33.8,Americano with Milk
3/9/2024,2:52:00,3/9/2024 2:52,card,ANON-0000-0000-0044,38.7,Hot Chocolate
3/9/2024,17:57:00,3/9/2024 17:57,card,ANON-0000-0000-0009,38.7,Cappuccino
3/9/2024,19:10:00,3/9/2024 19:10,card,ANON-0000-0000-0009,38.7,Hot Chocolate
3/10/2024,20:18:00,3/10/2024 20:18,cash,Cash,30,Americano
3/10/2024,21:29:00,3/10/2024 21:29,cash,Cash,35,Americano with Milk
3/10/2024,6:03:00,3/10/2024 6:03,cash,Cash,40,Latte
3/10/2024,19:20:00,3/10/2024 19:20,card,ANON-0000-0000-0045,24,Espresso
3/10/2024,3:03:00,3/10/2024 3:03,cash,Cash,35,Americano with Milk
3/10/2024,10:00:00,3/10/2024 10:00,card,ANON-0000-0000-0046,38.7,Latte
3/10/2024,11:54:00,3/10/2024 11:54,card,ANON-0000-0000-0046,28.9,Cortado
3/11/2024,18:46:00,3/11/2024 18:46,cash,Cash,40,Latte
3/11/2024,0:15:00,3/11/2024 0:15,cash,Cash,40,Cappuccino
3/11/2024,0:51:00,3/11/2024 0:51,cash,Cash,30,Cortado
3/11/2024,2:44:00,3/11/2024 2:44,cash,Cash,30,Americano
3/11/2024,8:58:00,3/11/2024 8:58,card,ANON-0000-0000-0035,38.7,Cappuccino
3/11/2024,0:26:00,3/11/2024 0:26,card,ANON-0000-0000-0047,28.9,Americano
3/11/2024,1:45:00,3/11/2024 1:45,card,ANON-0000-0000-0047,38.7,Latte
3/11/2024,2:49:00,3/11/2024 2:49,card,ANON-0000-0000-0048,28.9,Cortado
3/12/2024,15:00:00,3/12/2024 15:00,cash,Cash,40,Latte
3/12/2024,15:34:00,3/12/2024 15:34,card,ANON-0000-0000-0033,28.9,Americano
3/12/2024,16:24:00,3/12/2024 16:24,card,ANON-0000-0000-0033,28.9,Cortado
3/12/2024,20:45:00,3/12/2024 20:45,card,ANON-0000-0000-0049,38.7,Hot Chocolate
3/12/2024,22:23:00,3/12/2024 22:23,card,ANON-0000-0000-0004,33.8,Americano with Milk
3/12/2024,23:26:00,3/12/2024 23:26,card,ANON-0000-0000-0004,28.9,Americano
3/12/2024,15:43:00,3/12/2024 15:43,card,ANON-0000-0000-0050,28.9,Americano
3/13/2024,6:43:00,3/13/2024 6:43,card,ANON-0000-0000-0048,38.7,Hot Chocolate
3/13/2024,0:16:00,3/13/2024 0:16,card,ANON-0000-0000-0004,28.9,Americano
3/13/2024,18:06:00,3/13/2024 18:06,card,ANON-0000-0000-0051,28.9,Americano
3/13/2024,19:05:00,3/13/2024 19:05,card,ANON-0000-0000-0051,28.9,Americano
3/13/2024,10:30:00,3/13/2024 10:30,cash,Cash,25,Espresso
3/13/2024,2:40:00,3/13/2024 2:40,card,ANON-0000-0000-0052,33.8,Americano with Milk
3/13/2024,16:22:00,3/13/2024 16:22,card,ANON-0000-0000-0053,24,Espresso
3/13/2024,17:20:00,3/13/2024 17:20,card,ANON-0000-0000-0053,24,Espresso
3/13/2024,23:09:00,3/13/2024 23:09,card,ANON-0000-0000-0054,24,Espresso
3/14/2024,2:12:00,3/14/2024 2:12,cash,Cash,40,Latte
3/14/2024,4:33:00,3/14/2024 4:33,card,ANON-0000-0000-0055,38.7,Latte
3/14/2024,5:34:00,3/14/2024 5:34,card,ANON-0000-0000-0055,38.7,Hot Chocolate
3/14/2024,3:29:00,3/14/2024 3:29,card,ANON-0000-0000-0012,28.9,Cortado
3/14/2024,4:24:00,3/14/2024 4:24,card,ANON-0000-0000-0012,28.9,Americano
3/14/2024,3:59:00,3/14/2024 3:59,card,ANON-0000-0000-0056,33.8,Americano with Milk
3/14/2024,4:56:00,3/14/2024 4:56,card,ANON-0000-0000-0057,24,Espresso
3/14/2024,20:38:00,3/14/2024 20:38,card,ANON-0000-0000-0058,38.7,Latte
3/14/2024,4:09:00,3/14/2024 4:09,card,ANON-0000-0000-0059,33.8,Americano with Milk
3/14/2024,6:38:00,3/14/2024 6:38,card,ANON-0000-0000-0050,24,Espresso
3/14/2024,10:55:00,3/14/2024 10:55,card,ANON-0000-0000-0019,38.7,Hot Chocolate
3/14/2024,0:08:00,3/14/2024 0:08,card,ANON-0000-0000-0012,28.9,Cortado
3/15/2024,2:16:00,3/15/2024 2:16,cash,Cash,40,Latte
3/15/2024,5:02:00,3/15/2024 5:02,card,ANON-0000-0000-0060,38.7,Hot Chocolate
3/15/2024,19:27:00,3/15/2024 19:27,card,ANON-0000-0000-0012,28.9,Americano
3/16/2024,6:55:00,3/16/2024 6:55,card,ANON-0000-0000-0061,33.8,Americano with Milk
3/16/2024,7:53:00,3/16/2024 7:53,card,ANON-0000-0000-0061,28.9,Americano
3/16/2024,10:18:00,3/16/2024 10:18,card,ANON-0000-0000-0009,28.9,Cortado
3/16/2024,3:21:00,3/16/2024 3:21,card,ANON-0000-0000-0009,28.9,Cortado
3/16/2024,4:11:00,3/16/2024 4:11,card,ANON-0000-0000-0012,28.9,Cortado
3/16/2024,10:07:00,3/16/2024 10:07,card,ANON-0000-0000-0062,33.8,Americano with Milk
3/17/2024,10:21:00,3/17/2024 10:21,cash,Cash,40,Latte
3/17/2024,7:26:00,3/17/2024 7:26,card,ANON-0000-0000-0063,28.9,Cortado
3/18/2024,17:59:00,3/18/2024 17:59,card,ANON-0000-0000-0064,28.9,Cortado
3/18/2024,7:39:00,3/18/2024 7:39,card,ANON-0000-0000-0003,28.9,Americano
3/18/2024,8:38:00,3/18/2024 8:38,card,ANON-0000-0000-0003,28.9,Americano
3/18/2024,9:36:00,3/18/2024 9:36,card,ANON-0000-0000-0003,28.9,Americano
3/19/2024,20:26:00,3/19/2024 20:26,cash,Cash,30,Cortado
3/19/2024,2:21:00,3/19/2024 2:21,card,ANON-0000-0000-0065,38.7,Latte
3/19/2024,3:19:00,3/19/2024 3:19,card,ANON-0000-0000-0065,38.7,Latte
3/19/2024,4:36:00,3/19/2024 4:36,card,ANON-0000-0000-0049,38.7,Hot Chocolate
3/19/2024,5:48:00,3/19/2024 5:48,card,ANON-0000-0000-0066,33.8,Americano with Milk
3/19/2024,2:32:00,3/19/2024 2:32,cash,Cash,40,Hot Chocolate
3/20/2024,17:16:00,3/20/2024 17:16,card,ANON-0000-0000-0012,28.9,Cortado
3/20/2024,21:07:00,3/20/2024 21:07,cash,Cash,40,Latte
3/20/2024,6:49:00,3/20/2024 6:49,card,ANON-0000-0000-0049,28.9,Cortado
3/20/2024,16:47:00,3/20/2024 16:47,card,ANON-0000-0000-0067,38.7,Cappuccino
3/20/2024,18:38:00,3/20/2024 18:38,card,ANON-0000-0000-0050,38.7,Cocoa
3/20/2024,2:28:00,3/20/2024 2:28,card,ANON-0000-0000-0068,38.7,Latte
3/21/2024,18:57:00,3/21/2024 18:57,cash,Cash,40,Cappuccino
3/21/2024,1:09:00,3/21/2024 1:09,card,ANON-0000-0000-0012,28.9,Cortado
3/21/2024,2:17:00,3/21/2024 2:17,card,ANON-0000-0000-0012,38.7,Cappuccino
3/21/2024,21:01:00,3/21/2024 21:01,cash,Cash,30,Americano
3/21/2024,22:01:00,3/21/2024 22:01,card,ANON-0000-0000-0012,28.9,Cortado
3/21/2024,20:36:00,3/21/2024 20:36,card,ANON-0000-0000-0069,38.7,Latte
3/22/2024,11:53:00,3/22/2024 11:53,card,ANON-0000-0000-0070,33.8,Americano with Milk
3/22/2024,5:20:00,3/22/2024 5:20,card,ANON-0000-0000-0071,33.8,Americano with Milk
3/22/2024,15:14:00,3/22/2024 15:14,cash,Cash,40,Cappuccino
3/22/2024,17:03:00,3/22/2024 17:03,card,ANON-0000-0000-0012,28.9,Americano
3/22/2024,17:59:00,3/22/2024 17:59,card,ANON-0000-0000-0012,24,Espresso
3/22/2024,20:49:00,3/22/2024 20:49,card,ANON-0000-0000-0050,28.9,Americano
3/23/2024,19:59:00,3/23/2024 19:59,card,ANON-0000-0000-0072,38.7,Latte
3/23/2024,21:07:00,3/23/2024 21:07,card,ANON-0000-0000-0073,33.8,Americano with Milk
3/23/2024,10:07:00,3/23/2024 10:07,card,ANON-0000-0000-0074,38.7,Cappuccino
3/23/2024,11:12:00,3/23/2024 11:12,card,ANON-0000-0000-0074,38.7,Cocoa
3/23/2024,20:41:00,3/23/2024 20:41,card,ANON-0000-0000-0075,33.8,Americano with Milk
3/23/2024,23:19:00,3/23/2024 23:19,card,ANON-0000-0000-0076,38.7,Latte
3/23/2024,1:33:00,3/23/2024 1:33,card,ANON-0000-0000-0076,33.8,Americano with Milk
3/23/2024,0:58:00,3/23/2024 0:58,card,ANON-0000-0000-0009,28.9,Cortado
3/24/2024,3:56:00,3/24/2024 3:56,cash,Cash,40,Latte
3/24/2024,21:08:00,3/24/2024 21:08,card,ANON-0000-0000-0077,38.7,Latte
3/25/2024,7:47:00,3/25/2024 7:47,card,ANON-0000-0000-0009,38.7,Latte
3/25/2024,16:25:00,3/25/2024 16:25,cash,Cash,35,Americano with Milk
3/25/2024,3:09:00,3/25/2024 3:09,card,ANON-0000-0000-0078,38.7,Latte
3/25/2024,5:25:00,3/25/2024 5:25,card,ANON-0000-0000-0017,38.7,Latte
3/25/2024,13:30:00,3/25/2024 13:30,card,ANON-0000-0000-0024,33.8,Americano with Milk
3/25/2024,10:24:00,3/25/2024 10:24,card,ANON-0000-0000-0079,38.7,Cappuccino
3/26/2024,11:49:00,3/26/2024 11:49,card,ANON-0000-0000-0055,38.7,Cocoa
3/26/2024,12:36:00,3/26/2024 12:36,card,ANON-0000-0000-0055,38.7,Latte
3/26/2024,18:30:00,3/26/2024 18:30,card,ANON-0000-0000-0080,38.7,Latte
3/26/2024,11:47:00,3/26/2024 11:47,card,ANON-0000-0000-0009,28.9,Cortado
3/26/2024,11:52:00,3/26/2024 11:52,card,ANON-0000-0000-0003,28.9,Americano
3/26/2024,12:49:00,3/26/2024 12:49,card,ANON-0000-0000-0032,28.9,Cortado
3/26/2024,13:59:00,3/26/2024 13:59,card,ANON-0000-0000-0059,28.9,Cortado
3/26/2024,9:53:00,3/26/2024 9:53,card,ANON-0000-0000-0050,28.9,Americano
3/26/2024,0:02:00,3/26/2024 0:02,card,ANON-0000-0000-0081,38.7,Latte
3/26/2024,9:38:00,3/26/2024 9:38,card,ANON-0000-0000-0024,38.7,Latte
3/26/2024,10:54:00,3/26/2024 10:54,card,ANON-0000-0000-0009,38.7,Hot Chocolate
3/27/2024,4:51:00,3/27/2024 4:51,card,ANON-0000-0000-0003,28.9,Cortado
3/27/2024,5:58:00,3/27/2024 5:58,card,ANON-0000-0000-0003,33.8,Americano with Milk
3/27/2024,9:00:00,3/27/2024 9:00,card,ANON-0000-0000-0082,33.8,Americano with Milk
3/27/2024,11:20:00,3/27/2024 11:20,card,ANON-0000-0000-0083,38.7,Hot Chocolate
3/27/2024,22:31:00,3/27/2024 22:31,card,ANON-0000-0000-0012,38.7,Cappuccino
3/27/2024,23:35:00,3/27/2024 23:35,card,ANON-0000-0000-0012,28.9,Americano
3/27/2024,6:11:00,3/27/2024 6:11,card,ANON-0000-0000-0084,28.9,Cortado
3/27/2024,7:12:00,3/27/2024 7:12,cash,Cash,40,Latte
3/28/2024,0:47:00,3/28/2024 0:47,card,ANON-0000-0000-0085,28.9,Cortado
3/28/2024,0:46:00,3/28/2024 0:46,card,ANON-0000-0000-0012,28.9,Cortado
3/28/2024,3:05:00,3/28/2024 3:05,card,ANON-0000-0000-0012,28.9,Americano
3/28/2024,8:44:00,3/28/2024 8:44,card,ANON-0000-0000-0086,38.7,Latte
3/29/2024,8:19:00,3/29/2024 8:19,card,ANON-0000-0000-0087,38.7,Latte
3/29/2024,10:17:00,3/29/2024 10:17,card,ANON-0000-0000-0088,38.7,Cappuccino
3/29/2024,17:32:00,3/29/2024 17:32,card,ANON-0000-0000-0088,38.7,Cappuccino
3/29/2024,22:44:00,3/29/2024 22:44,cash,Cash,40,Cappuccino
3/30/2024,11:19:00,3/30/2024 11:19,card,ANON-0000-0000-0069,38.7,Latte
3/30/2024,1:25:00,3/30/2024 1:25,cash,Cash,40,Cappuccino
3/30/2024,12:31:00,3/30/2024 12:31,card,ANON-0000-0000-0017,38.7,Latte
3/30/2024,12:40:00,3/30/2024 12:40,card,ANON-0000-0000-0009,38.7,Latte
3/30/2024,13:57:00,3/30/2024 13:57,card,ANON-0000-0000-0009,33.8,Americano with Milk
3/31/2024,16:04:00,3/31/2024 16:04,card,ANON-0000-0000-0089,38.7,Cappuccino
3/31/2024,12:45:00,3/31/2024 12:45,cash,Cash,30,Americano
4/1/2024,4:47:00,4/1/2024 4:47,card,ANON-0000-0000-0004,28.9,Americano
4/1/2024,5:42:00,4/1/2024 5:42,card,ANON-0000-0000-0004,33.8,Americano with Milk
4/1/2024,6:43:00,4/1/2024 6:43,card,ANON-0000-0000-0004,33.8,Americano with Milk
4/1/2024,15:43:00,4/1/2024 15:43,card,ANON-0000-0000-0009,33.8,Americano with Milk
4/1/2024,1:42:00,4/1/2024 1:42,cash,Cash,40,Cappuccino
4/1/2024,18:42:00,4/1/2024 18:42,card,ANON-0000-0000-0024,33.8,Americano with Milk
4/1/2024,21:27:00,4/1/2024 21:27,card,ANON-0000-0000-0090,38.7,Hot Chocolate
4/2/2024,1:14:00,4/2/2024 1:14,card,ANON-0000-0000-0001,38.7,Latte
4/2/2024,18:34:00,4/2/2024 18:34,card,ANON-0000-0000-0003,28.9,Americano
4/2/2024,19:28:00,4/2/2024 19:28,card,ANON-0000-0000-0003,28.9,Cortado
4/2/2024,11:31:00,4/2/2024 11:31,cash,Cash,40,Cappuccino
4/3/2024,19:13:00,4/3/2024 19:13,card,ANON-0000-0000-0003,28.9,Cortado
4/3/2024,20:07:00,4/3/2024 20:07,card,ANON-0000-0000-0003,28.9,Americano
4/3/2024,12:05:00,4/3/2024 12:05,card,ANON-0000-0000-0012,38.7,Cappuccino
4/3/2024,12:11:00,4/3/2024 12:11,cash,Cash,30,Cortado
4/4/2024,20:56:00,4/4/2024 20:56,card,ANON-0000-0000-0091,38.7,Latte
4/4/2024,2:38:00,4/4/2024 2:38,card,ANON-0000-0000-0092,38.7,Latte
4/4/2024,3:48:00,4/4/2024 3:48,card,ANON-0000-0000-0093,38.7,Cappuccino
4/4/2024,23:02:00,4/4/2024 23:02,card,ANON-0000-0000-0094,28.9,Cortado
4/4/2024,18:07:00,4/4/2024 18:07,cash,Cash,40,Latte
4/5/2024,16:42:00,4/5/2024 16:42,card,ANON-0000-0000-0095,28.9,Americano
4/5/2024,18:06:00,4/5/2024 18:06,card,ANON-0000-0000-0012,28.9,Americano
4/5/2024,6:14:00,4/5/2024 6:14,card,ANON-0000-0000-0096,28.9,Cortado
4/5/2024,14:28:00,4/5/2024 14:28,card,ANON-0000-0000-0097,33.8,Americano with Milk
4/5/2024,23:40:00,4/5/2024 23:40,card,ANON-0000-0000-0098,38.7,Latte
4/5/2024,0:50:00,4/5/2024 0:50,card,ANON-0000-0000-0098,28.9,Cortado
4/5/2024,6:50:00,4/5/2024 6:50,cash,Cash,40,Latte
4/5/2024,6:15:00,4/5/2024 6:15,cash,Cash,40,Cappuccino
4/5/2024,7:30:00,4/5/2024 7:30,cash,Cash,30,Americano
4/5/2024,17:44:00,4/5/2024 17:44,cash,Cash,40,Cocoa
4/5/2024,18:23:00,4/5/2024 18:23,card,ANON-0000-0000-0003,24,Espresso
4/6/2024,8:31:00,4/6/2024 8:31,card,ANON-0000-0000-0099,33.8,Americano with Milk
4/6/2024,13:18:00,4/6/2024 13:18,card,ANON-0000-0000-0040,38.7,Cappuccino
4/6/2024,14:27:00,4/6/2024 14:27,card,ANON-0000-0000-0040,28.9,Americano
4/6/2024,1:50:00,4/6/2024 1:50,card,ANON-0000-0000-0009,38.7,Latte
4/7/2024,12:53:00,4/7/2024 12:53,card,ANON-0000-0000-0091,38.7,Latte
4/7/2024,20:31:00,4/7/2024 20:31,card,ANON-0000-0000-0040,38.7,Cappuccino
4/7/2024,22:05:00,4/7/2024 22:05,card,ANON-0000-0000-0040,38.7,Cappuccino
4/7/2024,16:24:00,4/7/2024 16:24,card,ANON-0000-0000-0100,28.9,Cortado
4/7/2024,17:30:00,4/7/2024 17:30,card,ANON-0000-0000-0100,24,Espresso
4/7/2024,1:16:00,4/7/2024 1:16,card,ANON-0000-0000-0101,38.7,Hot Chocolate
4/7/2024,2:03:00,4/7/2024 2:03,card,ANON-0000-0000-0101,33.8,Americano with Milk
4/8/2024,10:21:00,4/8/2024 10:21,card,ANON-0000-0000-0102,33.8,Americano with Milk
4/8/2024,11:27:00,4/8/2024 11:27,card,ANON-0000-0000-0103,38.7,Cappuccino
4/8/2024,1:20:00,4/8/2024 1:20,card,ANON-0000-0000-0012,28.9,Americano
4/8/2024,4:47:00,4/8/2024 4:47,card,ANON-0000-0000-0104,38.7,Cappuccino
4/8/2024,6:25:00,4/8/2024 6:25,cash,Cash,25,Espresso
4/8/2024,19:36:00,4/8/2024 19:36,cash,Cash,35,Americano with Milk
4/8/2024,17:37:00,4/8/2024 17:37,card,ANON-0000-0000-0017,38.7,Latte
4/8/2024,18:09:00,4/8/2024 18:09,card,ANON-0000-0000-0105,28.9,Americano
4/8/2024,22:27:00,4/8/2024 22:27,card,ANON-0000-0000-0024,33.8,Americano with Milk
4/8/2024,23:59:00,4/8/2024 23:59,card,ANON-0000-0000-0106,38.7,Cappuccino
4/9/2024,22:27:00,4/9/2024 22:27,cash,Cash,40,Cappuccino
4/9/2024,0:10:00,4/9/2024 0:10,cash,Cash,30,Americano
4/9/2024,18:28:00,4/9/2024 18:28,card,ANON-0000-0000-0091,38.7,Latte
4/9/2024,11:48:00,4/9/2024 11:48,card,ANON-0000-0000-0107,38.7,Hot Chocolate
4/9/2024,1:23:00,4/9/2024 1:23,card,ANON-0000-0000-0049,38.7,Hot Chocolate
4/10/2024,21:26:00,4/10/2024 21:26,cash,Cash,25,Espresso
4/10/2024,7:07:00,4/10/2024 7:07,cash,Cash,40,Hot Chocolate
4/10/2024,7:31:00,4/10/2024 7:31,card,ANON-0000-0000-0108,24,Espresso
4/10/2024,0:59:00,4/10/2024 0:59,card,ANON-0000-0000-0009,38.7,Cappuccino
4/10/2024,4:05:00,4/10/2024 4:05,card,ANON-0000-0000-0109,38.7,Latte
4/11/2024,17:23:00,4/11/2024 17:23,card,ANON-0000-0000-0110,28.9,Americano
4/11/2024,18:59:00,4/11/2024 18:59,card,ANON-0000-0000-0110,28.9,Americano
4/11/2024,11:23:00,4/11/2024 11:23,card,ANON-0000-0000-0017,38.7,Latte
4/11/2024,16:56:00,4/11/2024 16:56,card,ANON-0000-0000-0106,38.7,Cappuccino
4/11/2024,18:36:00,4/11/2024 18:36,card,ANON-0000-0000-0024,33.8,Americano with Milk
4/12/2024,3:43:00,4/12/2024 3:43,card,ANON-0000-0000-0019,38.7,Hot Chocolate
4/12/2024,14:23:00,4/12/2024 14:23,card,ANON-0000-0000-0009,28.9,Cortado
4/13/2024,5:19:00,4/13/2024 5:19,card,ANON-0000-0000-0009,38.7,Latte
4/13/2024,19:02:00,4/13/2024 19:02,card,ANON-0000-0000-0012,28.9,Americano
4/13/2024,6:52:00,4/13/2024 6:52,cash,Cash,40,Hot Chocolate
4/13/2024,7:56:00,4/13/2024 7:56,cash,Cash,40,Hot Chocolate
4/13/2024,18:03:00,4/13/2024 18:03,card,ANON-0000-0000-0111,38.7,Cappuccino
4/13/2024,19:39:00,4/13/2024 19:39,card,ANON-0000-0000-0111,38.7,Latte
4/13/2024,3:26:00,4/13/2024 3:26,card,ANON-0000-0000-0112,38.7,Cappuccino
4/13/2024,5:19:00,4/13/2024 5:19,card,ANON-0000-0000-0012,38.7,Cappuccino
4/14/2024,7:27:00,4/14/2024 7:27,cash,Cash,40,Latte
4/14/2024,0:39:00,4/14/2024 0:39,card,ANON-0000-0000-0113,38.7,Cappuccino
4/14/2024,3:09:00,4/14/2024 3:09,cash,Cash,30,Cortado
4/14/2024,5:06:00,4/14/2024 5:06,cash,Cash,30,Cortado
4/14/2024,7:36:00,4/14/2024 7:36,cash,Cash,35,Americano with Milk
4/14/2024,21:49:00,4/14/2024 21:49,card,ANON-0000-0000-0114,28.9,Cortado
4/14/2024,23:31:00,4/14/2024 23:31,card,ANON-0000-0000-0012,28.9,Americano
4/14/2024,0:26:00,4/14/2024 0:26,card,ANON-0000-0000-0012,28.9,Americano
4/14/2024,1:18:00,4/14/2024 1:18,card,ANON-0000-0000-0012,28.9,Americano
4/14/2024,22:27:00,4/14/2024 22:27,card,ANON-0000-0000-0017,38.7,Cappuccino
4/14/2024,11:54:00,4/14/2024 11:54,card,ANON-0000-0000-0012,28.9,Cortado
4/14/2024,0:45:00,4/14/2024 0:45,card,ANON-0000-0000-0019,38.7,Latte
4/14/2024,14:19:00,4/14/2024 14:19,card,ANON-0000-0000-0115,38.7,Cappuccino
4/15/2024,21:24:00,4/15/2024 21:24,card,ANON-0000-0000-0064,28.9,Americano
4/15/2024,1:46:00,4/15/2024 1:46,card,ANON-0000-0000-0003,28.9,Americano
4/15/2024,2:49:00,4/15/2024 2:49,card,ANON-0000-0000-0004,33.8,Americano with Milk
4/15/2024,9:03:00,4/15/2024 9:03,card,ANON-0000-0000-0009,33.8,Americano with Milk
4/15/2024,17:58:00,4/15/2024 17:58,cash,Cash,25,Espresso
4/16/2024,19:49:00,4/16/2024 19:49,cash,Cash,35,Americano with Milk
4/16/2024,22:25:00,4/16/2024 22:25,card,ANON-0000-0000-0116,33.8,Americano with Milk
4/16/2024,16:47:00,4/16/2024 16:47,card,ANON-0000-0000-0117,38.7,Cocoa
4/16/2024,4:07:00,4/16/2024 4:07,card,ANON-0000-0000-0064,28.9,Cortado
4/16/2024,3:16:00,4/16/2024 3:16,card,ANON-0000-0000-0118,28.9,Americano
4/16/2024,18:04:00,4/16/2024 18:04,card,ANON-0000-0000-0024,33.8,Americano with Milk
4/16/2024,19:23:00,4/16/2024 19:23,card,ANON-0000-0000-0009,38.7,Cappuccino
4/16/2024,9:05:00,4/16/2024 9:05,card,ANON-0000-0000-0050,38.7,Cocoa
4/17/2024,8:59:00,4/17/2024 8:59,card,ANON-0000-0000-0012,28.9,Americano
4/17/2024,20:00:00,4/17/2024 20:00,card,ANON-0000-0000-0119,24,Espresso
4/17/2024,13:24:00,4/17/2024 13:24,cash,Cash,40,Cappuccino
4/17/2024,1:35:00,4/17/2024 1:35,card,ANON-0000-0000-0120,38.7,Cappuccino
4/17/2024,2:40:00,4/17/2024 2:40,card,ANON-0000-0000-0120,38.7,Cappuccino
4/17/2024,14:03:00,4/17/2024 14:03,card,ANON-0000-0000-0121,28.9,Cortado
4/18/2024,19:01:00,4/18/2024 19:01,card,ANON-0000-0000-0003,28.9,Americano
4/18/2024,20:05:00,4/18/2024 20:05,card,ANON-0000-0000-0003,28.9,Americano
4/18/2024,1:12:00,4/18/2024 1:12,card,ANON-0000-0000-0122,33.8,Americano with Milk
4/18/2024,2:17:00,4/18/2024 2:17,card,ANON-0000-0000-0122,28.9,Cortado
4/18/2024,10:19:00,4/18/2024 10:19,card,ANON-0000-0000-0123,38.7,Cappuccino
4/18/2024,11:49:00,4/18/2024 11:49,card,ANON-0000-0000-0123,38.7,Latte
4/18/2024,20:15:00,4/18/2024 20:15,card,ANON-0000-0000-0069,38.7,Latte
4/18/2024,21:05:00,4/18/2024 21:05,card,ANON-0000-0000-0085,38.7,Cappuccino
4/18/2024,15:51:00,4/18/2024 15:51,card,ANON-0000-0000-0024,38.7,Hot Chocolate
4/18/2024,16:49:00,4/18/2024 16:49,card,ANON-0000-0000-0009,38.7,Hot Chocolate
4/19/2024,10:36:00,4/19/2024 10:36,card,ANON-0000-0000-0001,38.7,Latte
4/19/2024,11:47:00,4/19/2024 11:47,card,ANON-0000-0000-0040,33.8,Americano with Milk
4/19/2024,13:20:00,4/19/2024 13:20,card,ANON-0000-0000-0040,38.7,Cappuccino
4/19/2024,10:54:00,4/19/2024 10:54,card,ANON-0000-0000-0124,38.7,Hot Chocolate
4/19/2024,11:49:00,4/19/2024 11:49,card,ANON-0000-0000-0124,38.7,Cappuccino
4/19/2024,23:19:00,4/19/2024 23:19,card,ANON-0000-0000-0024,38.7,Cocoa
4/19/2024,1:33:00,4/19/2024 1:33,card,ANON-0000-0000-0009,33.8,Americano with Milk
4/20/2024,0:42:00,4/20/2024 0:42,cash,Cash,35,Americano with Milk
4/20/2024,8:35:00,4/20/2024 8:35,card,ANON-0000-0000-0125,33.8,Americano with Milk
4/20/2024,9:42:00,4/20/2024 9:42,card,ANON-0000-0000-0125,33.8,Americano with Milk
4/20/2024,8:37:00,4/20/2024 8:37,card,ANON-0000-0000-0118,28.9,Americano
4/20/2024,9:47:00,4/20/2024 9:47,card,ANON-0000-0000-0118,33.8,Americano with Milk
4/20/2024,10:55:00,4/20/2024 10:55,card,ANON-0000-0000-0118,38.7,Hot Chocolate
4/20/2024,20:18:00,4/20/2024 20:18,card,ANON-0000-0000-0040,38.7,Cappuccino
4/20/2024,11:00:00,4/20/2024 11:00,card,ANON-0000-0000-0009,33.8,Americano with Milk
4/20/2024,22:40:00,4/20/2024 22:40,card,ANON-0000-0000-0012,32.82,Americano with Milk
4/20/2024,1:25:00,4/20/2024 1:25,card,ANON-0000-0000-0126,32.82,Americano with Milk
4/20/2024,7:58:00,4/20/2024 7:58,cash,Cash,39,Cocoa
4/20/2024,3:41:00,4/20/2024 3:41,card,ANON-0000-0000-0127,37.72,Cappuccino
4/20/2024,4:46:00,4/20/2024 4:46,card,ANON-0000-0000-0127,37.72,Cappuccino
4/20/2024,6:55:00,4/20/2024 6:55,card,ANON-0000-0000-0128,37.72,Latte
4/21/2024,16:45:00,4/21/2024 16:45,card,ANON-0000-0000-0001,37.72,Latte
4/21/2024,15:37:00,4/21/2024 15:37,card,ANON-0000-0000-0099,27.92,Americano
4/21/2024,9:03:00,4/21/2024 9:03,cash,Cash,39,Cappuccino
4/22/2024,9:16:00,4/22/2024 9:16,card,ANON-0000-0000-0012,27.92,Americano
4/22/2024,5:27:00,4/22/2024 5:27,card,ANON-0000-0000-0129,32.82,Americano with Milk
4/22/2024,16:33:00,4/22/2024 16:33,cash,Cash,39,Latte
4/22/2024,15:04:00,4/22/2024 15:04,card,ANON-0000-0000-0009,37.72,Latte
4/22/2024,2:29:00,4/22/2024 2:29,cash,Cash,39,Cappuccino
4/23/2024,22:36:00,4/23/2024 22:36,card,ANON-0000-0000-0025,37.72,Cappuccino
4/23/2024,23:53:00,4/23/2024 23:53,card,ANON-0000-0000-0024,32.82,Americano with Milk
4/23/2024,0:57:00,4/23/2024 0:57,card,ANON-0000-0000-0009,37.72,Cappuccino
4/23/2024,18:27:00,4/23/2024 18:27,card,ANON-0000-0000-0130,32.82,Americano with Milk
4/23/2024,19:26:00,4/23/2024 19:26,card,ANON-0000-0000-0130,32.82,Americano with Milk
4/24/2024,19:38:00,4/24/2024 19:38,card,ANON-0000-0000-0001,37.72,Latte
4/24/2024,21:27:00,4/24/2024 21:27,card,ANON-0000-0000-0131,32.82,Americano with Milk
4/24/2024,23:46:00,4/24/2024 23:46,card,ANON-0000-0000-0132,32.82,Americano with Milk
4/24/2024,9:26:00,4/24/2024 9:26,card,ANON-0000-0000-0133,32.82,Americano with Milk
4/24/2024,15:09:00,4/24/2024 15:09,card,ANON-0000-0000-0059,32.82,Americano with Milk
4/24/2024,15:07:00,4/24/2024 15:07,card,ANON-0000-0000-0009,32.82,Americano with Milk
4/24/2024,15:50:00,4/24/2024 15:50,card,ANON-0000-0000-0134,32.82,Americano with Milk
4/24/2024,16:54:00,4/24/2024 16:54,card,ANON-0000-0000-0134,37.72,Cappuccino
4/25/2024,22:08:00,4/25/2024 22:08,card,ANON-0000-0000-0135,27.92,Americano
4/25/2024,18:27:00,4/25/2024 18:27,card,ANON-0000-0000-0009,37.72,Latte
4/25/2024,9:43:00,4/25/2024 9:43,card,ANON-0000-0000-0012,27.92,Americano
4/25/2024,10:49:00,4/25/2024 10:49,card,ANON-0000-0000-0012,27.92,Americano
4/26/2024,12:50:00,4/26/2024 12:50,card,ANON-0000-0000-0001,37.72,Latte
4/26/2024,1:30:00,4/26/2024 1:30,card,ANON-0000-0000-0136,37.72,Latte
4/26/2024,7:28:00,4/26/2024 7:28,card,ANON-0000-0000-0137,37.72,Cappuccino
4/26/2024,8:35:00,4/26/2024 8:35,card,ANON-0000-0000-0012,27.92,Americano
4/26/2024,9:33:00,4/26/2024 9:33,card,ANON-0000-0000-0012,27.92,Americano
4/26/2024,23:26:00,4/26/2024 23:26,card,ANON-0000-0000-0138,27.92,Cortado
4/26/2024,0:33:00,4/26/2024 0:33,card,ANON-0000-0000-0139,27.92,Americano
4/26/2024,8:07:00,4/26/2024 8:07,card,ANON-0000-0000-0009,37.72,Hot Chocolate
4/26/2024,9:30:00,4/26/2024 9:30,card,ANON-0000-0000-0009,37.72,Cocoa
4/27/2024,3:00:00,4/27/2024 3:00,card,ANON-0000-0000-0009,37.72,Cappuccino
4/28/2024,8:52:00,4/28/2024 8:52,card,ANON-0000-0000-0001,37.72,Latte
4/28/2024,6:09:00,4/28/2024 6:09,card,ANON-0000-0000-0140,37.72,Cappuccino
4/28/2024,3:08:00,4/28/2024 3:08,card,ANON-0000-0000-0012,27.92,Americano
4/28/2024,4:11:00,4/28/2024 4:11,card,ANON-0000-0000-0012,27.92,Americano
4/28/2024,5:02:00,4/28/2024 5:02,card,ANON-0000-0000-0019,37.72,Latte
4/29/2024,2:31:00,4/29/2024 2:31,card,ANON-0000-0000-0141,27.92,Cortado
4/29/2024,3:56:00,4/29/2024 3:56,card,ANON-0000-0000-0003,27.92,Americano
4/29/2024,4:53:00,4/29/2024 4:53,card,ANON-0000-0000-0003,27.92,Cortado
4/29/2024,5:35:00,4/29/2024 5:35,card,ANON-0000-0000-0141,27.92,Cortado
4/29/2024,6:24:00,4/29/2024 6:24,card,ANON-0000-0000-0141,32.82,Americano with Milk
4/29/2024,13:48:00,4/29/2024 13:48,card,ANON-0000-0000-0140,37.72,Cappuccino
4/29/2024,12:33:00,4/29/2024 12:33,card,ANON-0000-0000-0134,37.72,Cappuccino
4/29/2024,13:37:00,4/29/2024 13:37,card,ANON-0000-0000-0134,37.72,Cappuccino
4/30/2024,16:41:00,4/30/2024 16:41,card,ANON-0000-0000-0142,37.72,Latte
4/30/2024,10:52:00,4/30/2024 10:52,card,ANON-0000-0000-0142,32.82,Americano with Milk
4/30/2024,11:47:00,4/30/2024 11:47,card,ANON-0000-0000-0142,32.82,Americano with Milk
4/30/2024,17:52:00,4/30/2024 17:52,card,ANON-0000-0000-0142,27.92,Americano
4/30/2024,19:00:00,4/30/2024 19:00,card,ANON-0000-0000-0142,32.82,Americano with Milk
4/30/2024,19:18:00,4/30/2024 19:18,card,ANON-0000-0000-0142,37.72,Cappuccino
4/30/2024,6:04:00,4/30/2024 6:04,card,ANON-0000-0000-0142,32.82,Americano with Milk
4/30/2024,7:21:00,4/30/2024 7:21,card,ANON-0000-0000-0142,37.72,Latte
5/2/2024,9:55:00,5/2/2024 9:55,card,ANON-0000-0000-0143,27.92,Americano
5/2/2024,5:57:00,5/2/2024 5:57,cash,Cash,39,Latte
5/2/2024,1:39:00,5/2/2024 1:39,card,ANON-0000-0000-0133,32.82,Americano with Milk
5/2/2024,12:22:00,5/2/2024 12:22,card,ANON-0000-0000-0144,37.72,Cappuccino
5/2/2024,17:11:00,5/2/2024 17:11,card,ANON-0000-0000-0024,32.82,Americano with Milk
5/2/2024,18:33:00,5/2/2024 18:33,card,ANON-0000-0000-0145,37.72,Latte
5/2/2024,19:56:00,5/2/2024 19:56,card,ANON-0000-0000-0145,37.72,Cappuccino
5/3/2024,11:53:00,5/3/2024 11:53,cash,Cash,39,Latte
5/3/2024,6:00:00,5/3/2024 6:00,card,ANON-0000-0000-0146,37.72,Latte
5/3/2024,3:24:00,5/3/2024 3:24,card,ANON-0000-0000-0147,37.72,Latte
5/6/2024,5:17:00,5/6/2024 5:17,card,ANON-0000-0000-0148,27.92,Americano
5/6/2024,6:51:00,5/6/2024 6:51,card,ANON-0000-0000-0149,37.72,Cappuccino
5/6/2024,8:05:00,5/6/2024 8:05,card,ANON-0000-0000-0149,32.82,Americano with Milk
5/6/2024,9:08:00,5/6/2024 9:08,card,ANON-0000-0000-0150,27.92,Americano
5/6/2024,15:12:00,5/6/2024 15:12,card,ANON-0000-0000-0141,27.92,Cortado
5/6/2024,10:20:00,5/6/2024 10:20,cash,Cash,29,Americano
5/6/2024,18:11:00,5/6/2024 18:11,card,ANON-0000-0000-0148,27.92,Cortado
5/6/2024,19:00:00,5/6/2024 19:00,card,ANON-0000-0000-0148,27.92,Americano
5/6/2024,18:13:00,5/6/2024 18:13,card,ANON-0000-0000-0151,37.72,Cappuccino
5/6/2024,19:49:00,5/6/2024 19:49,card,ANON-0000-0000-0151,37.72,Cappuccino
5/7/2024,20:55:00,5/7/2024 20:55,card,ANON-0000-0000-0148,37.72,Cocoa
5/7/2024,21:58:00,5/7/2024 21:58,card,ANON-0000-0000-0141,27.92,Cortado
5/7/2024,23:34:00,5/7/2024 23:34,card,ANON-0000-0000-0077,27.92,Cortado
5/7/2024,18:07:00,5/7/2024 18:07,card,ANON-0000-0000-0148,37.72,Cocoa
5/7/2024,7:38:00,5/7/2024 7:38,card,ANON-0000-0000-0152,27.92,Americano
5/7/2024,13:46:00,5/7/2024 13:46,card,ANON-0000-0000-0153,37.72,Cappuccino
5/7/2024,14:48:00,5/7/2024 14:48,card,ANON-0000-0000-0153,37.72,Latte
5/7/2024,11:37:00,5/7/2024 11:37,cash,Cash,34,Americano with Milk
5/7/2024,12:12:00,5/7/2024 12:12,card,ANON-0000-0000-0154,37.72,Cappuccino
5/7/2024,13:12:00,5/7/2024 13:12,card,ANON-0000-0000-0154,37.72,Cappuccino
5/8/2024,7:28:00,5/8/2024 7:28,card,ANON-0000-0000-0001,37.72,Latte
5/9/2024,6:21:00,5/9/2024 6:21,card,ANON-0000-0000-0155,37.72,Cappuccino
5/9/2024,3:58:00,5/9/2024 3:58,card,ANON-0000-0000-0156,27.92,Americano
5/9/2024,4:57:00,5/9/2024 4:57,card,ANON-0000-0000-0156,37.72,Latte
5/9/2024,6:11:00,5/9/2024 6:11,card,ANON-0000-0000-0156,37.72,Latte
5/9/2024,7:16:00,5/9/2024 7:16,card,ANON-0000-0000-0156,37.72,Latte
5/9/2024,7:14:00,5/9/2024 7:14,card,ANON-0000-0000-0118,27.92,Americano
5/9/2024,8:15:00,5/9/2024 8:15,card,ANON-0000-0000-0118,27.92,Americano
5/9/2024,1:29:00,5/9/2024 1:29,card,ANON-0000-0000-0157,27.92,Americano
5/9/2024,13:56:00,5/9/2024 13:56,card,ANON-0000-0000-0143,32.82,Americano with Milk
5/10/2024,9:22:00,5/10/2024 9:22,cash,Cash,39,Latte
5/10/2024,22:21:00,5/10/2024 22:21,card,ANON-0000-0000-0158,37.72,Latte
5/10/2024,23:32:00,5/10/2024 23:32,card,ANON-0000-0000-0158,37.72,Latte
5/10/2024,20:15:00,5/10/2024 20:15,cash,Cash,34,Americano with Milk
5/11/2024,15:52:00,5/11/2024 15:52,card,ANON-0000-0000-0069,37.72,Latte
5/11/2024,2:43:00,5/11/2024 2:43,cash,Cash,39,Latte
5/11/2024,20:30:00,5/11/2024 20:30,card,ANON-0000-0000-0009,32.82,Americano with Milk
5/11/2024,21:56:00,5/11/2024 21:56,card,ANON-0000-0000-0026,37.72,Cocoa
5/11/2024,23:57:00,5/11/2024 23:57,card,ANON-0000-0000-0040,37.72,Cappuccino
5/11/2024,4:54:00,5/11/2024 4:54,card,ANON-0000-0000-0012,32.82,Americano with Milk
5/11/2024,11:40:00,5/11/2024 11:40,card,ANON-0000-0000-0115,37.72,Cappuccino
5/11/2024,14:16:00,5/11/2024 14:16,card,ANON-0000-0000-0159,37.72,Latte
5/12/2024,20:42:00,5/12/2024 20:42,card,ANON-0000-0000-0001,37.72,Latte
5/12/2024,0:03:00,5/12/2024 0:03,card,ANON-0000-0000-0160,37.72,Latte
5/12/2024,3:39:00,5/12/2024 3:39,card,ANON-0000-0000-0161,27.92,Americano
5/12/2024,16:19:00,5/12/2024 16:19,card,ANON-0000-0000-0077,37.72,Latte
5/12/2024,14:02:00,5/12/2024 14:02,card,ANON-0000-0000-0162,32.82,Americano with Milk
5/12/2024,4:14:00,5/12/2024 4:14,card,ANON-0000-0000-0163,32.82,Americano with Milk
5/12/2024,4:21:00,5/12/2024 4:21,card,ANON-0000-0000-0012,32.82,Americano with Milk
5/12/2024,17:30:00,5/12/2024 17:30,card,ANON-0000-0000-0009,32.82,Americano with Milk
5/13/2024,3:53:00,5/13/2024 3:53,card,ANON-0000-0000-0164,32.82,Americano with Milk
5/13/2024,7:10:00,5/13/2024 7:10,cash,Cash,29,Americano
5/13/2024,7:50:00,5/13/2024 7:50,cash,Cash,29,Americano
5/14/2024,14:14:00,5/14/2024 14:14,card,ANON-0000-0000-0012,27.92,Americano
5/14/2024,15:25:00,5/14/2024 15:25,card,ANON-0000-0000-0012,27.92,Americano
5/14/2024,16:17:00,5/14/2024 16:17,card,ANON-0000-0000-0012,27.92,Americano
5/14/2024,19:23:00,5/14/2024 19:23,card,ANON-0000-0000-0012,37.72,Cappuccino
5/14/2024,8:29:00,5/14/2024 8:29,card,ANON-0000-0000-0165,37.72,Latte
5/14/2024,10:12:00,5/14/2024 10:12,card,ANON-0000-0000-0165,37.72,Cappuccino
5/14/2024,4:54:00,5/14/2024 4:54,card,ANON-0000-0000-0025,37.72,Cappuccino
5/14/2024,6:00:00,5/14/2024 6:00,card,ANON-0000-0000-0009,32.82,Americano with Milk
5/14/2024,1:54:00,5/14/2024 1:54,card,ANON-0000-0000-0040,27.92,Americano
5/14/2024,9:57:00,5/14/2024 9:57,card,ANON-0000-0000-0166,32.82,Americano with Milk
5/14/2024,11:10:00,5/14/2024 11:10,card,ANON-0000-0000-0166,37.72,Cappuccino
5/14/2024,3:25:00,5/14/2024 3:25,card,ANON-0000-0000-0167,37.72,Hot Chocolate
5/15/2024,16:05:00,5/15/2024 16:05,card,ANON-0000-0000-0168,37.72,Latte
5/15/2024,14:19:00,5/15/2024 14:19,card,ANON-0000-0000-0012,23.02,Espresso
5/15/2024,19:10:00,5/15/2024 19:10,card,ANON-0000-0000-0012,27.92,Americano
5/15/2024,10:35:00,5/15/2024 10:35,card,ANON-0000-0000-0003,27.92,Americano
5/15/2024,11:29:00,5/15/2024 11:29,card,ANON-0000-0000-0003,27.92,Americano
5/15/2024,12:27:00,5/15/2024 12:27,card,ANON-0000-0000-0003,27.92,Americano
5/15/2024,7:29:00,5/15/2024 7:29,card,ANON-0000-0000-0164,32.82,Americano with Milk
5/15/2024,14:10:00,5/15/2024 14:10,cash,Cash,29,Americano
5/15/2024,14:52:00,5/15/2024 14:52,card,ANON-0000-0000-0169,27.92,Cortado
5/15/2024,15:44:00,5/15/2024 15:44,card,ANON-0000-0000-0012,27.92,Cortado
5/15/2024,4:58:00,5/15/2024 4:58,card,ANON-0000-0000-0170,23.02,Espresso
5/15/2024,20:34:00,5/15/2024 20:34,card,ANON-0000-0000-0171,37.72,Cappuccino
5/16/2024,14:42:00,5/16/2024 14:42,card,ANON-0000-0000-0097,32.82,Americano with Milk
5/16/2024,15:49:00,5/16/2024 15:49,card,ANON-0000-0000-0172,32.82,Americano with Milk
5/16/2024,18:50:00,5/16/2024 18:50,cash,Cash,39,Latte
5/16/2024,20:20:00,5/16/2024 20:20,cash,Cash,39,Cappuccino
5/16/2024,14:00:00,5/16/2024 14:00,card,ANON-0000-0000-0173,32.82,Americano with Milk
5/16/2024,15:16:00,5/16/2024 15:16,card,ANON-0000-0000-0174,37.72,Hot Chocolate
5/16/2024,20:31:00,5/16/2024 20:31,card,ANON-0000-0000-0069,37.72,Latte
5/16/2024,12:56:00,5/16/2024 12:56,card,ANON-0000-0000-0175,37.72,Hot Chocolate
5/16/2024,13:58:00,5/16/2024 13:58,card,ANON-0000-0000-0175,37.72,Latte
5/17/2024,0:48:00,5/17/2024 0:48,card,ANON-0000-0000-0033,27.92,Americano
5/17/2024,6:27:00,5/17/2024 6:27,card,ANON-0000-0000-0164,32.82,Americano with Milk
5/17/2024,10:03:00,5/17/2024 10:03,cash,Cash,34,Americano with Milk
5/17/2024,7:18:00,5/17/2024 7:18,card,ANON-0000-0000-0012,32.82,Americano with Milk
5/17/2024,8:46:00,5/17/2024 8:46,card,ANON-0000-0000-0009,37.72,Cappuccino
5/17/2024,13:52:00,5/17/2024 13:52,card,ANON-0000-0000-0176,37.72,Cappuccino
5/17/2024,10:50:00,5/17/2024 10:50,card,ANON-0000-0000-0177,27.92,Americano
5/17/2024,12:33:00,5/17/2024 12:33,card,ANON-0000-0000-0178,37.72,Latte
5/17/2024,13:42:00,5/17/2024 13:42,card,ANON-0000-0000-0179,37.72,Latte
5/18/2024,1:37:00,5/18/2024 1:37,card,ANON-0000-0000-0180,37.72,Cappuccino
5/18/2024,2:40:00,5/18/2024 2:40,card,ANON-0000-0000-0180,37.72,Cappuccino
5/18/2024,15:56:00,5/18/2024 15:56,card,ANON-0000-0000-0181,32.82,Americano with Milk
5/18/2024,0:29:00,5/18/2024 0:29,card,ANON-0000-0000-0172,32.82,Americano with Milk
5/18/2024,1:27:00,5/18/2024 1:27,card,ANON-0000-0000-0097,32.82,Americano with Milk
5/18/2024,10:44:00,5/18/2024 10:44,card,ANON-0000-0000-0040,32.82,Americano with Milk
5/18/2024,22:53:00,5/18/2024 22:53,card,ANON-0000-0000-0009,37.72,Latte
5/18/2024,5:27:00,5/18/2024 5:27,cash,Cash,39,Cappuccino
5/19/2024,10:38:00,5/19/2024 10:38,card,ANON-0000-0000-0182,27.92,Americano
5/19/2024,11:33:00,5/19/2024 11:33,card,ANON-0000-0000-0182,27.92,Americano
5/19/2024,0:35:00,5/19/2024 0:35,card,ANON-0000-0000-0183,37.72,Cappuccino
5/19/2024,4:49:00,5/19/2024 4:49,cash,Cash,24,Espresso
5/19/2024,14:26:00,5/19/2024 14:26,card,ANON-0000-0000-0184,32.82,Americano with Milk
5/19/2024,19:40:00,5/19/2024 19:40,card,ANON-0000-0000-0012,27.92,Americano
5/19/2024,10:58:00,5/19/2024 10:58,card,ANON-0000-0000-0185,32.82,Americano with Milk
5/19/2024,12:36:00,5/19/2024 12:36,card,ANON-0000-0000-0186,32.82,Americano with Milk
5/19/2024,13:47:00,5/19/2024 13:47,card,ANON-0000-0000-0186,23.02,Espresso
5/19/2024,16:30:00,5/19/2024 16:30,card,ANON-0000-0000-0186,37.72,Hot Chocolate
5/19/2024,3:07:00,5/19/2024 3:07,card,ANON-0000-0000-0187,37.72,Cappuccino
5/19/2024,15:41:00,5/19/2024 15:41,card,ANON-0000-0000-0188,37.72,Cappuccino
5/19/2024,18:36:00,5/19/2024 18:36,card,ANON-0000-0000-0189,37.72,Cappuccino
5/20/2024,5:59:00,5/20/2024 5:59,card,ANON-0000-0000-0190,32.82,Americano with Milk
5/20/2024,17:51:00,5/20/2024 17:51,card,ANON-0000-0000-0191,37.72,Latte
5/20/2024,10:48:00,5/20/2024 10:48,card,ANON-0000-0000-0001,37.72,Latte
5/20/2024,15:16:00,5/20/2024 15:16,card,ANON-0000-0000-0143,27.92,Americano
5/20/2024,16:19:00,5/20/2024 16:19,card,ANON-0000-0000-0143,27.92,Americano
5/20/2024,3:13:00,5/20/2024 3:13,card,ANON-0000-0000-0003,27.92,Americano
5/20/2024,4:10:00,5/20/2024 4:10,card,ANON-0000-0000-0003,27.92,Americano
5/20/2024,13:19:00,5/20/2024 13:19,card,ANON-0000-0000-0192,32.82,Americano with Milk
5/20/2024,14:31:00,5/20/2024 14:31,card,ANON-0000-0000-0192,37.72,Cappuccino
5/20/2024,8:21:00,5/20/2024 8:21,cash,Cash,29,Americano
5/20/2024,12:51:00,5/20/2024 12:51,card,ANON-0000-0000-0120,37.72,Latte
5/20/2024,13:56:00,5/20/2024 13:56,card,ANON-0000-0000-0193,37.72,Latte
5/20/2024,12:48:00,5/20/2024 12:48,card,ANON-0000-0000-0194,32.82,Americano with Milk
5/20/2024,13:57:00,5/20/2024 13:57,card,ANON-0000-0000-0194,37.72,Cocoa
5/20/2024,22:52:00,5/20/2024 22:52,card,ANON-0000-0000-0195,27.92,Cortado
5/20/2024,12:54:00,5/20/2024 12:54,card,ANON-0000-0000-0012,32.82,Americano with Milk
5/20/2024,13:57:00,5/20/2024 13:57,card,ANON-0000-0000-0012,32.82,Americano with Milk
5/21/2024,3:38:00,5/21/2024 3:38,card,ANON-0000-0000-0196,37.72,Latte
5/21/2024,19:50:00,5/21/2024 19:50,cash,Cash,29,Americano
5/21/2024,20:40:00,5/21/2024 20:40,cash,Cash,34,Americano with Milk
5/21/2024,22:09:00,5/21/2024 22:09,cash,Cash,39,Cocoa
5/21/2024,5:08:00,5/21/2024 5:08,cash,Cash,39,Latte
5/21/2024,10:20:00,5/21/2024 10:20,card,ANON-0000-0000-0197,37.72,Latte
5/21/2024,13:24:00,5/21/2024 13:24,card,ANON-0000-0000-0012,23.02,Espresso
5/21/2024,11:09:00,5/21/2024 11:09,card,ANON-0000-0000-0198,37.72,Cappuccino
5/21/2024,13:48:00,5/21/2024 13:48,card,ANON-0000-0000-0199,37.72,Cappuccino
5/22/2024,10:41:00,5/22/2024 10:41,card,ANON-0000-0000-0200,37.72,Cappuccino
5/22/2024,1:47:00,5/22/2024 1:47,card,ANON-0000-0000-0191,32.82,Americano with Milk
5/22/2024,18:14:00,5/22/2024 18:14,card,ANON-0000-0000-0141,27.92,Cortado
5/22/2024,10:55:00,5/22/2024 10:55,card,ANON-0000-0000-0097,32.82,Americano with Milk
5/22/2024,5:50:00,5/22/2024 5:50,card,ANON-0000-0000-0012,27.92,Americano
5/22/2024,6:43:00,5/22/2024 6:43,card,ANON-0000-0000-0012,27.92,Americano
5/22/2024,0:20:00,5/22/2024 0:20,card,ANON-0000-0000-0009,32.82,Americano with Milk
5/22/2024,0:58:00,5/22/2024 0:58,card,ANON-0000-0000-0134,37.72,Cappuccino
5/22/2024,1:58:00,5/22/2024 1:58,card,ANON-0000-0000-0134,37.72,Cappuccino
5/22/2024,23:53:00,5/22/2024 23:53,card,ANON-0000-0000-0180,37.72,Hot Chocolate
5/22/2024,0:49:00,5/22/2024 0:49,card,ANON-0000-0000-0180,37.72,Cappuccino
5/23/2024,10:19:00,5/23/2024 10:19,card,ANON-0000-0000-0201,37.72,Cappuccino
5/23/2024,22:06:00,5/23/2024 22:06,card,ANON-0000-0000-0202,23.02,Espresso
5/23/2024,7:16:00,5/23/2024 7:16,card,ANON-0000-0000-0180,37.72,Cappuccino
5/23/2024,8:27:00,5/23/2024 8:27,card,ANON-0000-0000-0203,37.72,Cappuccino
5/23/2024,18:14:00,5/23/2024 18:14,card,ANON-0000-0000-0180,37.72,Cappuccino
5/23/2024,17:00:00,5/23/2024 17:00,card,ANON-0000-0000-0077,37.72,Latte
5/23/2024,14:33:00,5/23/2024 14:33,card,ANON-0000-0000-0153,37.72,Cappuccino
5/23/2024,15:44:00,5/23/2024 15:44,card,ANON-0000-0000-0153,37.72,Latte
5/23/2024,3:53:00,5/23/2024 3:53,card,ANON-0000-0000-0204,27.92,Cortado
5/23/2024,17:28:00,5/23/2024 17:28,card,ANON-0000-0000-0134,37.72,Cappuccino
5/23/2024,18:26:00,5/23/2024 18:26,card,ANON-0000-0000-0205,37.72,Cappuccino
5/23/2024,18:31:00,5/23/2024 18:31,card,ANON-0000-0000-0206,37.72,Cappuccino
5/23/2024,15:01:00,5/23/2024 15:01,card,ANON-0000-0000-0207,37.72,Cappuccino
5/23/2024,16:24:00,5/23/2024 16:24,card,ANON-0000-0000-0207,37.72,Latte
5/23/2024,0:10:00,5/23/2024 0:10,card,ANON-0000-0000-0208,32.82,Americano with Milk
5/23/2024,7:36:00,5/23/2024 7:36,cash,Cash,39,Hot Chocolate
5/24/2024,11:59:00,5/24/2024 11:59,card,ANON-0000-0000-0141,27.92,Cortado
5/24/2024,15:08:00,5/24/2024 15:08,card,ANON-0000-0000-0012,27.92,Americano
5/24/2024,16:13:00,5/24/2024 16:13,card,ANON-0000-0000-0012,27.92,Americano
5/24/2024,7:19:00,5/24/2024 7:19,card,ANON-0000-0000-0081,37.72,Hot Chocolate
5/24/2024,17:40:00,5/24/2024 17:40,card,ANON-0000-0000-0209,27.92,Cortado
5/24/2024,18:36:00,5/24/2024 18:36,card,ANON-0000-0000-0209,27.92,Cortado
5/24/2024,6:40:00,5/24/2024 6:40,card,ANON-0000-0000-0210,32.82,Americano with Milk
5/25/2024,16:58:00,5/25/2024 16:58,cash,Cash,29,Americano
5/25/2024,13:53:00,5/25/2024 13:53,card,ANON-0000-0000-0211,37.72,Latte
5/25/2024,16:23:00,5/25/2024 16:23,cash,Cash,29,Americano
5/25/2024,18:10:00,5/25/2024 18:10,card,ANON-0000-0000-0212,32.82,Americano with Milk
5/25/2024,19:13:00,5/25/2024 19:13,card,ANON-0000-0000-0212,32.82,Americano with Milk
5/25/2024,10:12:00,5/25/2024 10:12,card,ANON-0000-0000-0213,32.82,Americano with Milk
5/25/2024,23:09:00,5/25/2024 23:09,card,ANON-0000-0000-0040,32.82,Americano with Milk
5/25/2024,0:16:00,5/25/2024 0:16,card,ANON-0000-0000-0040,27.92,Americano
5/26/2024,20:02:00,5/26/2024 20:02,card,ANON-0000-0000-0001,37.72,Latte
5/26/2024,0:49:00,5/26/2024 0:49,card,ANON-0000-0000-0214,32.82,Americano with Milk
5/26/2024,2:05:00,5/26/2024 2:05,card,ANON-0000-0000-0215,27.92,Cortado
5/26/2024,16:58:00,5/26/2024 16:58,card,ANON-0000-0000-0216,32.82,Americano with Milk
5/26/2024,19:15:00,5/26/2024 19:15,card,ANON-0000-0000-0217,37.72,Cappuccino
5/26/2024,9:52:00,5/26/2024 9:52,card,ANON-0000-0000-0218,37.72,Hot Chocolate
5/26/2024,11:02:00,5/26/2024 11:02,card,ANON-0000-0000-0218,37.72,Hot Chocolate
5/26/2024,13:14:00,5/26/2024 13:14,card,ANON-0000-0000-0218,27.92,Americano
5/26/2024,15:18:00,5/26/2024 15:18,card,ANON-0000-0000-0219,37.72,Latte
5/26/2024,11:15:00,5/26/2024 11:15,card,ANON-0000-0000-0220,37.72,Hot Chocolate
5/26/2024,0:05:00,5/26/2024 0:05,card,ANON-0000-0000-0220,37.72,Cappuccino
5/26/2024,2:36:00,5/26/2024 2:36,card,ANON-0000-0000-0221,27.92,Cortado
5/26/2024,3:51:00,5/26/2024 3:51,card,ANON-0000-0000-0222,37.72,Cappuccino
5/26/2024,4:58:00,5/26/2024 4:58,card,ANON-0000-0000-0221,37.72,Latte
5/26/2024,6:02:00,5/26/2024 6:02,card,ANON-0000-0000-0223,37.72,Cappuccino
5/27/2024,10:55:00,5/27/2024 10:55,card,ANON-0000-0000-0012,27.92,Americano
5/27/2024,5:21:00,5/27/2024 5:21,card,ANON-0000-0000-0224,32.82,Americano with Milk
5/27/2024,6:43:00,5/27/2024 6:43,card,ANON-0000-0000-0224,37.72,Cocoa
5/27/2024,11:34:00,5/27/2024 11:34,card,ANON-0000-0000-0225,27.92,Americano
5/27/2024,14:05:00,5/27/2024 14:05,card,ANON-0000-0000-0225,27.92,Americano
5/27/2024,2:55:00,5/27/2024 2:55,card,ANON-0000-0000-0203,37.72,Latte
5/27/2024,0:51:00,5/27/2024 0:51,card,ANON-0000-0000-0226,27.92,Americano
5/27/2024,16:27:00,5/27/2024 16:27,card,ANON-0000-0000-0227,37.72,Latte
5/27/2024,17:38:00,5/27/2024 17:38,card,ANON-0000-0000-0228,37.72,Latte
5/27/2024,5:07:00,5/27/2024 5:07,card,ANON-0000-0000-0192,32.82,Americano with Milk
5/27/2024,6:19:00,5/27/2024 6:19,card,ANON-0000-0000-0206,37.72,Cappuccino
5/28/2024,13:09:00,5/28/2024 13:09,card,ANON-0000-0000-0012,32.82,Americano with Milk
5/28/2024,20:10:00,5/28/2024 20:10,card,ANON-0000-0000-0097,32.82,Americano with Milk
5/28/2024,0:18:00,5/28/2024 0:18,card,ANON-0000-0000-0229,37.72,Cappuccino
5/28/2024,14:40:00,5/28/2024 14:40,card,ANON-0000-0000-0230,37.72,Cappuccino
5/28/2024,10:53:00,5/28/2024 10:53,card,ANON-0000-0000-0194,37.72,Cocoa
5/28/2024,1:39:00,5/28/2024 1:39,card,ANON-0000-0000-0141,27.92,Cortado
5/28/2024,21:44:00,5/28/2024 21:44,cash,Cash,39,Cappuccino
5/28/2024,9:29:00,5/28/2024 9:29,card,ANON-0000-0000-0231,27.92,Americano
5/28/2024,10:31:00,5/28/2024 10:31,card,ANON-0000-0000-0231,37.72,Latte
5/28/2024,0:32:00,5/28/2024 0:32,card,ANON-0000-0000-0009,32.82,Americano with Milk
5/28/2024,2:19:00,5/28/2024 2:19,card,ANON-0000-0000-0012,27.92,Americano
5/29/2024,14:43:00,5/29/2024 14:43,card,ANON-0000-0000-0232,37.72,Latte
5/29/2024,0:46:00,5/29/2024 0:46,cash,Cash,39,Latte
5/29/2024,14:02:00,5/29/2024 14:02,card,ANON-0000-0000-0233,37.72,Hot Chocolate
5/29/2024,10:48:00,5/29/2024 10:48,card,ANON-0000-0000-0234,27.92,Americano
5/29/2024,22:56:00,5/29/2024 22:56,card,ANON-0000-0000-0235,37.72,Latte
5/29/2024,21:12:00,5/29/2024 21:12,card,ANON-0000-0000-0236,37.72,Cappuccino
5/29/2024,21:03:00,5/29/2024 21:03,card,ANON-0000-0000-0237,37.72,Latte
5/29/2024,0:03:00,5/29/2024 0:03,card,ANON-0000-0000-0238,27.92,Cortado
5/29/2024,0:59:00,5/29/2024 0:59,card,ANON-0000-0000-0238,37.72,Latte
5/29/2024,6:42:00,5/29/2024 6:42,card,ANON-0000-0000-0239,37.72,Hot Chocolate
5/29/2024,8:35:00,5/29/2024 8:35,card,ANON-0000-0000-0240,37.72,Cocoa
5/30/2024,5:06:00,5/30/2024 5:06,card,ANON-0000-0000-0241,37.72,Cappuccino
5/30/2024,6:21:00,5/30/2024 6:21,card,ANON-0000-0000-0241,37.72,Latte
5/30/2024,13:05:00,5/30/2024 13:05,card,ANON-0000-0000-0242,32.82,Americano with Milk
5/30/2024,23:59:00,5/30/2024 23:59,card,ANON-0000-0000-0001,37.72,Latte
5/30/2024,8:15:00,5/30/2024 8:15,card,ANON-0000-0000-0097,32.82,Americano with Milk
5/30/2024,16:15:00,5/30/2024 16:15,card,ANON-0000-0000-0243,23.02,Espresso
5/30/2024,17:38:00,5/30/2024 17:38,card,ANON-0000-0000-0012,23.02,Espresso
5/30/2024,5:11:00,5/30/2024 5:11,card,ANON-0000-0000-0206,37.72,Cappuccino
5/30/2024,7:05:00,5/30/2024 7:05,card,ANON-0000-0000-0244,37.72,Latte
5/30/2024,22:13:00,5/30/2024 22:13,card,ANON-0000-0000-0009,37.72,Hot Chocolate
5/30/2024,23:21:00,5/30/2024 23:21,card,ANON-0000-0000-0009,32.82,Americano with Milk
5/31/2024,5:57:00,5/31/2024 5:57,card,ANON-0000-0000-0245,32.82,Americano with Milk
5/31/2024,21:07:00,5/31/2024 21:07,card,ANON-0000-0000-0246,37.72,Latte
5/31/2024,23:58:00,5/31/2024 23:58,cash,Cash,39,Latte
5/31/2024,14:07:00,5/31/2024 14:07,card,ANON-0000-0000-0247,37.72,Hot Chocolate
5/31/2024,15:06:00,5/31/2024 15:06,card,ANON-0000-0000-0248,37.72,Cocoa
5/31/2024,2:13:00,5/31/2024 2:13,card,ANON-0000-0000-0249,32.82,Americano with Milk
5/31/2024,23:44:00,5/31/2024 23:44,card,ANON-0000-0000-0250,37.72,Latte
5/31/2024,1:03:00,5/31/2024 1:03,card,ANON-0000-0000-0250,37.72,Latte
5/31/2024,6:39:00,5/31/2024 6:39,card,ANON-0000-0000-0180,37.72,Cappuccino
5/31/2024,9:06:00,5/31/2024 9:06,card,ANON-0000-0000-0134,32.82,Americano with Milk
5/31/2024,10:32:00,5/31/2024 10:32,card,ANON-0000-0000-0134,37.72,Latte
5/31/2024,5:47:00,5/31/2024 5:47,card,ANON-0000-0000-0206,37.72,Cappuccino
5/31/2024,6:52:00,5/31/2024 6:52,card,ANON-0000-0000-0206,32.82,Americano with Milk
5/31/2024,7:55:00,5/31/2024 7:55,card,ANON-0000-0000-0206,27.92,Cortado
6/1/2024,3:01:00,6/1/2024 3:01,card,ANON-0000-0000-0141,27.92,Cortado
6/1/2024,0:24:00,6/1/2024 0:24,card,ANON-0000-0000-0232,37.72,Latte
6/1/2024,14:09:00,6/1/2024 14:09,card,ANON-0000-0000-0250,37.72,Latte
6/1/2024,4:53:00,6/1/2024 4:53,card,ANON-0000-0000-0097,32.82,Americano with Milk
6/1/2024,20:12:00,6/1/2024 20:12,card,ANON-0000-0000-0251,32.82,Americano with Milk
6/1/2024,21:15:00,6/1/2024 21:15,card,ANON-0000-0000-0251,32.82,Americano with Milk
6/1/2024,2:10:00,6/1/2024 2:10,card,ANON-0000-0000-0154,37.72,Cappuccino
6/1/2024,3:13:00,6/1/2024 3:13,card,ANON-0000-0000-0154,37.72,Cappuccino
6/1/2024,6:59:00,6/1/2024 6:59,cash,Cash,39,Cocoa
6/1/2024,11:09:00,6/1/2024 11:09,card,ANON-0000-0000-0252,37.72,Cocoa
6/1/2024,3:05:00,6/1/2024 3:05,card,ANON-0000-0000-0009,32.82,Americano with Milk
6/2/2024,3:25:00,6/2/2024 3:25,card,ANON-0000-0000-0009,37.72,Latte
6/2/2024,0:02:00,6/2/2024 0:02,card,ANON-0000-0000-0040,32.82,Americano with Milk
6/2/2024,1:07:00,6/2/2024 1:07,card,ANON-0000-0000-0040,37.72,Cappuccino
6/2/2024,7:20:00,6/2/2024 7:20,card,ANON-0000-0000-0097,32.82,Americano with Milk
6/2/2024,6:12:00,6/2/2024 6:12,card,ANON-0000-0000-0253,37.72,Latte
6/2/2024,19:10:00,6/2/2024 19:10,cash,Cash,34,Americano with Milk
6/3/2024,12:04:00,6/3/2024 12:04,card,ANON-0000-0000-0001,37.72,Latte
6/3/2024,3:49:00,6/3/2024 3:49,card,ANON-0000-0000-0191,37.72,Latte
6/3/2024,7:42:00,6/3/2024 7:42,card,ANON-0000-0000-0025,37.72,Cappuccino
6/3/2024,9:01:00,6/3/2024 9:01,card,ANON-0000-0000-0024,32.82,Americano with Milk
6/3/2024,10:06:00,6/3/2024 10:06,card,ANON-0000-0000-0009,37.72,Latte
6/3/2024,18:51:00,6/3/2024 18:51,cash,Cash,34,Americano with Milk
6/3/2024,19:37:00,6/3/2024 19:37,cash,Cash,34,Americano with Milk
6/4/2024,23:42:00,6/4/2024 23:42,card,ANON-0000-0000-0141,27.92,Cortado
6/4/2024,3:14:00,6/4/2024 3:14,card,ANON-0000-0000-0097,32.82,Americano with Milk
6/4/2024,2:10:00,6/4/2024 2:10,card,ANON-0000-0000-0254,37.72,Latte
6/4/2024,5:29:00,6/4/2024 5:29,card,ANON-0000-0000-0254,37.72,Hot Chocolate
6/4/2024,6:32:00,6/4/2024 6:32,card,ANON-0000-0000-0255,37.72,Latte
6/4/2024,22:36:00,6/4/2024 22:36,card,ANON-0000-0000-0192,27.92,Cortado
6/4/2024,23:28:00,6/4/2024 23:28,card,ANON-0000-0000-0192,37.72,Cappuccino
6/4/2024,13:01:00,6/4/2024 13:01,card,ANON-0000-0000-0256,37.72,Hot Chocolate
6/4/2024,2:33:00,6/4/2024 2:33,card,ANON-0000-0000-0257,37.72,Cappuccino
6/4/2024,7:58:00,6/4/2024 7:58,card,ANON-0000-0000-0258,27.92,Cortado
6/4/2024,9:02:00,6/4/2024 9:02,card,ANON-0000-0000-0259,32.82,Americano with Milk
6/4/2024,10:55:00,6/4/2024 10:55,card,ANON-0000-0000-0260,32.82,Americano with Milk
6/4/2024,12:06:00,6/4/2024 12:06,card,ANON-0000-0000-0260,32.82,Americano with Milk
6/4/2024,13:15:00,6/4/2024 13:15,card,ANON-0000-0000-0260,32.82,Americano with Milk
6/5/2024,21:49:00,6/5/2024 21:49,card,ANON-0000-0000-0261,37.72,Cappuccino
6/5/2024,23:06:00,6/5/2024 23:06,card,ANON-0000-0000-0261,37.72,Cappuccino
6/5/2024,22:43:00,6/5/2024 22:43,card,ANON-0000-0000-0262,27.92,Americano
6/5/2024,4:50:00,6/5/2024 4:50,card,ANON-0000-0000-0001,37.72,Latte
6/5/2024,16:53:00,6/5/2024 16:53,card,ANON-0000-0000-0097,32.82,Americano with Milk
6/5/2024,19:57:00,6/5/2024 19:57,card,ANON-0000-0000-0263,32.82,Americano with Milk
6/5/2024,11:53:00,6/5/2024 11:53,card,ANON-0000-0000-0264,37.72,Latte
6/5/2024,10:47:00,6/5/2024 10:47,card,ANON-0000-0000-0220,37.72,Cocoa
6/5/2024,12:01:00,6/5/2024 12:01,card,ANON-0000-0000-0220,27.92,Cortado
6/6/2024,4:56:00,6/6/2024 4:56,card,ANON-0000-0000-0097,32.82,Americano with Milk
6/6/2024,6:08:00,6/6/2024 6:08,card,ANON-0000-0000-0097,32.82,Americano with Milk
6/6/2024,12:09:00,6/6/2024 12:09,card,ANON-0000-0000-0001,37.72,Latte
6/6/2024,17:41:00,6/6/2024 17:41,card,ANON-0000-0000-0265,27.92,Americano
6/6/2024,11:14:00,6/6/2024 11:14,card,ANON-0000-0000-0224,32.82,Americano with Milk
6/6/2024,0:06:00,6/6/2024 0:06,card,ANON-0000-0000-0266,37.72,Cappuccino
6/6/2024,14:05:00,6/6/2024 14:05,card,ANON-0000-0000-0267,37.72,Latte
6/6/2024,15:42:00,6/6/2024 15:42,card,ANON-0000-0000-0267,37.72,Latte
6/6/2024,18:26:00,6/6/2024 18:26,card,ANON-0000-0000-0206,37.72,Cappuccino
6/6/2024,19:30:00,6/6/2024 19:30,card,ANON-0000-0000-0206,32.82,Americano with Milk
6/6/2024,21:04:00,6/6/2024 21:04,card,ANON-0000-0000-0267,37.72,Latte
6/7/2024,18:04:00,6/7/2024 18:04,card,ANON-0000-0000-0268,37.72,Cappuccino
6/7/2024,11:28:00,6/7/2024 11:28,card,ANON-0000-0000-0269,23.02,Espresso
6/7/2024,10:18:00,6/7/2024 10:18,card,ANON-0000-0000-0164,32.82,Americano with Milk
6/7/2024,21:42:00,6/7/2024 21:42,card,ANON-0000-0000-0270,27.92,Cortado
6/7/2024,23:15:00,6/7/2024 23:15,card,ANON-0000-0000-0270,27.92,Cortado
6/8/2024,4:20:00,6/8/2024 4:20,card,ANON-0000-0000-0271,27.92,Cortado
6/8/2024,2:11:00,6/8/2024 2:11,card,ANON-0000-0000-0097,32.82,Americano with Milk
6/8/2024,0:54:00,6/8/2024 0:54,card,ANON-0000-0000-0134,37.72,Cappuccino
6/8/2024,1:56:00,6/8/2024 1:56,card,ANON-0000-0000-0134,37.72,Cappuccino
6/9/2024,15:52:00,6/9/2024 15:52,card,ANON-0000-0000-0097,37.72,Latte
6/9/2024,6:04:00,6/9/2024 6:04,card,ANON-0000-0000-0272,37.72,Latte
6/9/2024,4:05:00,6/9/2024 4:05,card,ANON-0000-0000-0273,37.72,Cappuccino
6/9/2024,4:41:00,6/9/2024 4:41,card,ANON-0000-0000-0141,27.92,Cortado
6/9/2024,7:08:00,6/9/2024 7:08,card,ANON-0000-0000-0274,23.02,Espresso
6/9/2024,4:49:00,6/9/2024 4:49,card,ANON-0000-0000-0275,37.72,Cappuccino
6/9/2024,11:23:00,6/9/2024 11:23,card,ANON-0000-0000-0276,32.82,Americano with Milk
6/9/2024,13:08:00,6/9/2024 13:08,card,ANON-0000-0000-0276,37.72,Latte
6/9/2024,14:10:00,6/9/2024 14:10,card,ANON-0000-0000-0276,37.72,Latte
6/9/2024,10:30:00,6/9/2024 10:30,card,ANON-0000-0000-0277,27.92,Cortado
6/9/2024,17:28:00,6/9/2024 17:28,card,ANON-0000-0000-0278,37.72,Cappuccino
6/9/2024,21:19:00,6/9/2024 21:19,card,ANON-0000-0000-0279,32.82,Americano with Milk
6/9/2024,5:08:00,6/9/2024 5:08,card,ANON-0000-0000-0280,27.92,Americano
6/10/2024,23:49:00,6/10/2024 23:49,card,ANON-0000-0000-0281,37.72,Cappuccino
6/10/2024,8:48:00,6/10/2024 8:48,card,ANON-0000-0000-0097,37.72,Latte
6/10/2024,4:28:00,6/10/2024 4:28,card,ANON-0000-0000-0282,37.72,Hot Chocolate
6/10/2024,5:22:00,6/10/2024 5:22,card,ANON-0000-0000-0282,37.72,Hot Chocolate
6/10/2024,13:23:00,6/10/2024 13:23,card,ANON-0000-0000-0283,37.72,Latte
6/10/2024,14:19:00,6/10/2024 14:19,card,ANON-0000-0000-0283,37.72,Latte
6/11/2024,14:04:00,6/11/2024 14:04,card,ANON-0000-0000-0284,32.82,Americano with Milk
6/11/2024,0:25:00,6/11/2024 0:25,card,ANON-0000-0000-0285,37.72,Latte
6/11/2024,1:36:00,6/11/2024 1:36,card,ANON-0000-0000-0285,37.72,Latte
6/11/2024,17:03:00,6/11/2024 17:03,card,ANON-0000-0000-0286,37.72,Hot Chocolate
6/11/2024,3:41:00,6/11/2024 3:41,card,ANON-0000-0000-0287,32.82,Americano with Milk
6/11/2024,4:50:00,6/11/2024 4:50,card,ANON-0000-0000-0287,32.82,Americano with Milk
6/12/2024,18:18:00,6/12/2024 18:18,card,ANON-0000-0000-0288,37.72,Hot Chocolate
6/12/2024,3:43:00,6/12/2024 3:43,card,ANON-0000-0000-0289,37.72,Cappuccino
6/12/2024,17:17:00,6/12/2024 17:17,card,ANON-0000-0000-0283,37.72,Latte
6/12/2024,23:27:00,6/12/2024 23:27,card,ANON-0000-0000-0290,37.72,Latte
6/12/2024,16:33:00,6/12/2024 16:33,card,ANON-0000-0000-0256,37.72,Hot Chocolate
6/12/2024,1:34:00,6/12/2024 1:34,card,ANON-0000-0000-0291,32.82,Americano with Milk
6/13/2024,6:24:00,6/13/2024 6:24,card,ANON-0000-0000-0292,27.92,Americano
6/13/2024,9:25:00,6/13/2024 9:25,card,ANON-0000-0000-0097,37.72,Latte
6/13/2024,2:25:00,6/13/2024 2:25,card,ANON-0000-0000-0293,32.82,Americano with Milk
6/13/2024,9:11:00,6/13/2024 9:11,card,ANON-0000-0000-0141,27.92,Cortado
6/13/2024,4:58:00,6/13/2024 4:58,card,ANON-0000-0000-0294,32.82,Americano with Milk
6/13/2024,3:46:00,6/13/2024 3:46,card,ANON-0000-0000-0295,37.72,Hot Chocolate
6/13/2024,22:19:00,6/13/2024 22:19,card,ANON-0000-0000-0296,37.72,Latte
6/13/2024,20:51:00,6/13/2024 20:51,card,ANON-0000-0000-0012,32.82,Americano with Milk
6/13/2024,19:46:00,6/13/2024 19:46,card,ANON-0000-0000-0012,23.02,Espresso
6/13/2024,21:00:00,6/13/2024 21:00,card,ANON-0000-0000-0295,23.02,Espresso
6/13/2024,0:17:00,6/13/2024 0:17,card,ANON-0000-0000-0009,32.82,Americano with Milk
6/13/2024,2:28:00,6/13/2024 2:28,card,ANON-0000-0000-0009,32.82,Americano with Milk
6/14/2024,22:13:00,6/14/2024 22:13,card,ANON-0000-0000-0141,27.92,Cortado
6/14/2024,6:31:00,6/14/2024 6:31,card,ANON-0000-0000-0297,27.92,Americano
6/14/2024,14:41:00,6/14/2024 14:41,card,ANON-0000-0000-0097,37.72,Latte
6/14/2024,5:53:00,6/14/2024 5:53,card,ANON-0000-0000-0298,32.82,Americano with Milk
6/15/2024,2:02:00,6/15/2024 2:02,card,ANON-0000-0000-0299,37.72,Cappuccino
6/15/2024,21:28:00,6/15/2024 21:28,card,ANON-0000-0000-0300,37.72,Latte
6/15/2024,22:46:00,6/15/2024 22:46,card,ANON-0000-0000-0300,32.82,Americano with Milk
6/15/2024,23:52:00,6/15/2024 23:52,card,ANON-0000-0000-0300,23.02,Espresso
6/15/2024,0:35:00,6/15/2024 0:35,card,ANON-0000-0000-0300,37.72,Cocoa
6/15/2024,1:24:00,6/15/2024 1:24,card,ANON-0000-0000-0300,32.82,Americano with Milk
6/15/2024,3:29:00,6/15/2024 3:29,card,ANON-0000-0000-0301,32.82,Americano with Milk
6/15/2024,14:04:00,6/15/2024 14:04,card,ANON-0000-0000-0302,27.92,Americano
6/16/2024,19:51:00,6/16/2024 19:51,card,ANON-0000-0000-0059,32.82,Americano with Milk
6/16/2024,10:41:00,6/16/2024 10:41,card,ANON-0000-0000-0303,37.72,Latte
6/16/2024,0:38:00,6/16/2024 0:38,card,ANON-0000-0000-0303,37.72,Hot Chocolate
6/16/2024,1:41:00,6/16/2024 1:41,card,ANON-0000-0000-0303,37.72,Hot Chocolate
6/16/2024,1:27:00,6/16/2024 1:27,card,ANON-0000-0000-0276,32.82,Americano with Milk
6/16/2024,0:39:00,6/16/2024 0:39,card,ANON-0000-0000-0274,23.02,Espresso
6/16/2024,2:36:00,6/16/2024 2:36,card,ANON-0000-0000-0304,32.82,Americano with Milk
6/16/2024,5:10:00,6/16/2024 5:10,card,ANON-0000-0000-0304,32.82,Americano with Milk
6/16/2024,19:59:00,6/16/2024 19:59,card,ANON-0000-0000-0305,37.72,Hot Chocolate
6/16/2024,23:36:00,6/16/2024 23:36,card,ANON-0000-0000-0306,37.72,Hot Chocolate
6/16/2024,21:17:00,6/16/2024 21:17,card,ANON-0000-0000-0059,32.82,Americano with Milk
6/16/2024,22:16:00,6/16/2024 22:16,card,ANON-0000-0000-0059,32.82,Americano with Milk
6/17/2024,9:24:00,6/17/2024 9:24,card,ANON-0000-0000-0307,27.92,Americano
6/17/2024,12:05:00,6/17/2024 12:05,card,ANON-0000-0000-0308,27.92,Cortado
6/17/2024,13:37:00,6/17/2024 13:37,card,ANON-0000-0000-0308,27.92,Cortado
6/17/2024,7:51:00,6/17/2024 7:51,card,ANON-0000-0000-0042,37.72,Cappuccino
6/17/2024,3:35:00,6/17/2024 3:35,card,ANON-0000-0000-0164,37.72,Cappuccino
6/17/2024,2:13:00,6/17/2024 2:13,card,ANON-0000-0000-0012,37.72,Cappuccino
6/17/2024,3:11:00,6/17/2024 3:11,card,ANON-0000-0000-0012,37.72,Cappuccino
6/17/2024,4:36:00,6/17/2024 4:36,card,ANON-0000-0000-0012,27.92,Americano
6/17/2024,3:19:00,6/17/2024 3:19,card,ANON-0000-0000-0309,27.92,Americano
6/17/2024,16:11:00,6/17/2024 16:11,card,ANON-0000-0000-0009,32.82,Americano with Milk
6/18/2024,4:06:00,6/18/2024 4:06,card,ANON-0000-0000-0299,27.92,Americano
6/18/2024,5:12:00,6/18/2024 5:12,card,ANON-0000-0000-0299,37.72,Cappuccino
6/18/2024,20:40:00,6/18/2024 20:40,card,ANON-0000-0000-0154,37.72,Cappuccino
6/18/2024,21:38:00,6/18/2024 21:38,card,ANON-0000-0000-0154,37.72,Cappuccino
6/18/2024,11:49:00,6/18/2024 11:49,card,ANON-0000-0000-0310,27.92,Cortado
6/18/2024,20:49:00,6/18/2024 20:49,card,ANON-0000-0000-0012,32.82,Americano with Milk
6/18/2024,22:18:00,6/18/2024 22:18,card,ANON-0000-0000-0012,32.82,Americano with Milk
6/19/2024,23:19:00,6/19/2024 23:19,card,ANON-0000-0000-0311,37.72,Latte
6/19/2024,17:54:00,6/19/2024 17:54,card,ANON-0000-0000-0141,27.92,Cortado
6/19/2024,6:00:00,6/19/2024 6:00,card,ANON-0000-0000-0312,27.92,Americano
6/19/2024,11:27:00,6/19/2024 11:27,card,ANON-0000-0000-0313,37.72,Latte
6/19/2024,12:31:00,6/19/2024 12:31,card,ANON-0000-0000-0313,37.72,Cocoa
6/19/2024,21:36:00,6/19/2024 21:36,card,ANON-0000-0000-0164,32.82,Americano with Milk
6/19/2024,4:43:00,6/19/2024 4:43,card,ANON-0000-0000-0153,37.72,Cappuccino
6/19/2024,5:59:00,6/19/2024 5:59,card,ANON-0000-0000-0153,37.72,Latte
6/19/2024,7:31:00,6/19/2024 7:31,card,ANON-0000-0000-0009,32.82,Americano with Milk
6/19/2024,4:59:00,6/19/2024 4:59,card,ANON-0000-0000-0192,37.72,Cappuccino
6/19/2024,6:03:00,6/19/2024 6:03,card,ANON-0000-0000-0192,32.82,Americano with Milk
6/20/2024,2:06:00,6/20/2024 2:06,card,ANON-0000-0000-0097,37.72,Latte
6/20/2024,11:02:00,6/20/2024 11:02,card,ANON-0000-0000-0314,37.72,Latte
6/20/2024,0:00:00,6/20/2024 0:00,card,ANON-0000-0000-0314,37.72,Latte
6/20/2024,15:10:00,6/20/2024 15:10,card,ANON-0000-0000-0257,37.72,Latte
6/20/2024,9:40:00,6/20/2024 9:40,card,ANON-0000-0000-0009,37.72,Latte
6/20/2024,11:17:00,6/20/2024 11:17,card,ANON-0000-0000-0009,32.82,Americano with Milk
6/21/2024,11:55:00,6/21/2024 11:55,card,ANON-0000-0000-0311,37.72,Latte
6/21/2024,1:40:00,6/21/2024 1:40,card,ANON-0000-0000-0315,27.92,Americano
6/21/2024,19:19:00,6/21/2024 19:19,card,ANON-0000-0000-0012,32.82,Americano with Milk
6/21/2024,20:31:00,6/21/2024 20:31,card,ANON-0000-0000-0012,32.82,Americano with Milk
6/21/2024,12:16:00,6/21/2024 12:16,card,ANON-0000-0000-0316,23.02,Espresso
6/21/2024,6:26:00,6/21/2024 6:26,card,ANON-0000-0000-0009,37.72,Latte
6/21/2024,23:06:00,6/21/2024 23:06,card,ANON-0000-0000-0154,37.72,Cappuccino
6/21/2024,0:06:00,6/21/2024 0:06,card,ANON-0000-0000-0154,37.72,Cappuccino
6/21/2024,1:54:00,6/21/2024 1:54,card,ANON-0000-0000-0180,37.72,Cappuccino
6/21/2024,3:00:00,6/21/2024 3:00,card,ANON-0000-0000-0180,37.72,Cappuccino
6/21/2024,4:18:00,6/21/2024 4:18,card,ANON-0000-0000-0180,27.92,Americano
6/21/2024,7:37:00,6/21/2024 7:37,card,ANON-0000-0000-0311,32.82,Americano with Milk
6/22/2024,15:50:00,6/22/2024 15:50,card,ANON-0000-0000-0141,27.92,Cortado
6/22/2024,13:48:00,6/22/2024 13:48,card,ANON-0000-0000-0311,32.82,Americano with Milk
6/22/2024,5:15:00,6/22/2024 5:15,card,ANON-0000-0000-0317,32.82,Americano with Milk
6/22/2024,13:20:00,6/22/2024 13:20,card,ANON-0000-0000-0009,37.72,Latte
6/22/2024,10:23:00,6/22/2024 10:23,card,ANON-0000-0000-0318,37.72,Cappuccino
6/23/2024,12:01:00,6/23/2024 12:01,card,ANON-0000-0000-0012,32.82,Americano with Milk
6/23/2024,13:50:00,6/23/2024 13:50,card,ANON-0000-0000-0012,32.82,Americano with Milk
6/23/2024,6:47:00,6/23/2024 6:47,card,ANON-0000-0000-0319,37.72,Cappuccino
6/23/2024,5:07:00,6/23/2024 5:07,card,ANON-0000-0000-0320,37.72,Latte
6/23/2024,6:36:00,6/23/2024 6:36,card,ANON-0000-0000-0320,37.72,Cappuccino
6/24/2024,20:39:00,6/24/2024 20:39,card,ANON-0000-0000-0164,32.82,Americano with Milk
6/24/2024,1:36:00,6/24/2024 1:36,card,ANON-0000-0000-0180,37.72,Cappuccino
6/24/2024,2:44:00,6/24/2024 2:44,card,ANON-0000-0000-0180,37.72,Cappuccino
6/24/2024,2:29:00,6/24/2024 2:29,card,ANON-0000-0000-0321,37.72,Latte
6/24/2024,22:00:00,6/24/2024 22:00,card,ANON-0000-0000-0203,37.72,Cappuccino
6/24/2024,23:00:00,6/24/2024 23:00,card,ANON-0000-0000-0203,37.72,Cappuccino
6/25/2024,19:24:00,6/25/2024 19:24,card,ANON-0000-0000-0322,37.72,Latte
6/25/2024,4:26:00,6/25/2024 4:26,card,ANON-0000-0000-0012,32.82,Americano with Milk
6/25/2024,5:42:00,6/25/2024 5:42,card,ANON-0000-0000-0040,32.82,Americano with Milk
6/25/2024,10:52:00,6/25/2024 10:52,card,ANON-0000-0000-0203,37.72,Cappuccino
6/26/2024,9:01:00,6/26/2024 9:01,card,ANON-0000-0000-0323,37.72,Latte
6/26/2024,8:29:00,6/26/2024 8:29,card,ANON-0000-0000-0324,23.02,Espresso
6/26/2024,10:01:00,6/26/2024 10:01,card,ANON-0000-0000-0325,27.92,Americano
6/26/2024,21:53:00,6/26/2024 21:53,card,ANON-0000-0000-0009,37.72,Latte
6/26/2024,3:00:00,6/26/2024 3:00,card,ANON-0000-0000-0009,37.72,Cappuccino
6/26/2024,4:14:00,6/26/2024 4:14,card,ANON-0000-0000-0206,32.82,Americano with Milk
6/27/2024,15:43:00,6/27/2024 15:43,card,ANON-0000-0000-0326,32.82,Americano with Milk
6/27/2024,11:48:00,6/27/2024 11:48,card,ANON-0000-0000-0327,27.92,Cortado
6/27/2024,20:03:00,6/27/2024 20:03,card,ANON-0000-0000-0328,32.82,Americano with Milk
6/27/2024,2:31:00,6/27/2024 2:31,card,ANON-0000-0000-0329,37.72,Cappuccino
6/28/2024,8:35:00,6/28/2024 8:35,card,ANON-0000-0000-0141,27.92,Cortado
6/28/2024,3:54:00,6/28/2024 3:54,card,ANON-0000-0000-0274,23.02,Espresso
6/28/2024,2:55:00,6/28/2024 2:55,card,ANON-0000-0000-0330,32.82,Americano with Milk
6/28/2024,4:01:00,6/28/2024 4:01,card,ANON-0000-0000-0331,37.72,Latte
6/28/2024,4:20:00,6/28/2024 4:20,card,ANON-0000-0000-0332,37.72,Cappuccino
6/29/2024,23:10:00,6/29/2024 23:10,card,ANON-0000-0000-0097,32.82,Americano with Milk
6/29/2024,16:19:00,6/29/2024 16:19,card,ANON-0000-0000-0333,32.82,Americano with Milk
6/29/2024,17:26:00,6/29/2024 17:26,card,ANON-0000-0000-0333,32.82,Americano with Milk
6/29/2024,6:24:00,6/29/2024 6:24,card,ANON-0000-0000-0334,37.72,Cappuccino
6/29/2024,7:42:00,6/29/2024 7:42,card,ANON-0000-0000-0334,37.72,Cappuccino
6/29/2024,23:43:00,6/29/2024 23:43,card,ANON-0000-0000-0335,37.72,Cappuccino
6/29/2024,0:52:00,6/29/2024 0:52,card,ANON-0000-0000-0335,37.72,Hot Chocolate
6/29/2024,3:22:00,6/29/2024 3:22,card,ANON-0000-0000-0009,37.72,Latte
6/30/2024,4:09:00,6/30/2024 4:09,card,ANON-0000-0000-0336,37.72,Latte
6/30/2024,5:50:00,6/30/2024 5:50,card,ANON-0000-0000-0337,23.02,Espresso
6/30/2024,6:41:00,6/30/2024 6:41,card,ANON-0000-0000-0009,37.72,Hot Chocolate
6/30/2024,4:09:00,6/30/2024 4:09,card,ANON-0000-0000-0097,32.82,Americano with Milk
7/1/2024,7:26:00,7/1/2024 7:26,card,ANON-0000-0000-0012,23.02,Espresso
7/1/2024,8:51:00,7/1/2024 8:51,card,ANON-0000-0000-0338,37.72,Cappuccino
7/1/2024,9:54:00,7/1/2024 9:54,card,ANON-0000-0000-0339,37.72,Cappuccino
7/2/2024,18:54:00,7/2/2024 18:54,card,ANON-0000-0000-0304,32.82,Americano with Milk
7/2/2024,21:00:00,7/2/2024 21:00,card,ANON-0000-0000-0304,27.92,Americano
7/2/2024,0:05:00,7/2/2024 0:05,card,ANON-0000-0000-0019,37.72,Latte
7/2/2024,3:13:00,7/2/2024 3:13,card,ANON-0000-0000-0340,27.92,Americano
7/2/2024,7:24:00,7/2/2024 7:24,card,ANON-0000-0000-0341,32.82,Americano with Milk
7/2/2024,2:23:00,7/2/2024 2:23,card,ANON-0000-0000-0329,32.82,Americano with Milk
7/3/2024,3:14:00,7/3/2024 3:14,card,ANON-0000-0000-0012,32.82,Americano with Milk
7/3/2024,1:16:00,7/3/2024 1:16,card,ANON-0000-0000-0342,37.72,Cappuccino
7/3/2024,2:25:00,7/3/2024 2:25,card,ANON-0000-0000-0343,37.72,Cappuccino
7/3/2024,5:15:00,7/3/2024 5:15,card,ANON-0000-0000-0270,32.82,Americano with Milk
7/3/2024,6:22:00,7/3/2024 6:22,card,ANON-0000-0000-0344,32.82,Americano with Milk
7/3/2024,7:31:00,7/3/2024 7:31,card,ANON-0000-0000-0270,37.72,Latte
7/3/2024,11:25:00,7/3/2024 11:25,card,ANON-0000-0000-0345,23.02,Espresso
7/3/2024,11:01:00,7/3/2024 11:01,card,ANON-0000-0000-0346,37.72,Cappuccino
7/3/2024,6:09:00,7/3/2024 6:09,card,ANON-0000-0000-0009,37.72,Latte
7/4/2024,2:23:00,7/4/2024 2:23,card,ANON-0000-0000-0143,32.82,Americano with Milk
7/4/2024,3:30:00,7/4/2024 3:30,card,ANON-0000-0000-0012,27.92,Americano
7/5/2024,20:28:00,7/5/2024 20:28,card,ANON-0000-0000-0058,37.72,Cocoa
7/5/2024,19:43:00,7/5/2024 19:43,card,ANON-0000-0000-0040,32.82,Americano with Milk
7/5/2024,20:43:00,7/5/2024 20:43,card,ANON-0000-0000-0347,32.82,Americano with Milk
7/5/2024,7:56:00,7/5/2024 7:56,card,ANON-0000-0000-0348,23.02,Espresso
7/5/2024,7:07:00,7/5/2024 7:07,card,ANON-0000-0000-0099,27.92,Americano
7/5/2024,11:56:00,7/5/2024 11:56,card,ANON-0000-0000-0349,23.02,Espresso
7/5/2024,18:03:00,7/5/2024 18:03,card,ANON-0000-0000-0350,27.92,Americano
7/5/2024,18:56:00,7/5/2024 18:56,card,ANON-0000-0000-0350,27.92,Americano
7/5/2024,20:01:00,7/5/2024 20:01,card,ANON-0000-0000-0351,37.72,Cappuccino
7/5/2024,21:09:00,7/5/2024 21:09,card,ANON-0000-0000-0351,32.82,Americano with Milk
7/6/2024,4:06:00,7/6/2024 4:06,card,ANON-0000-0000-0352,37.72,Latte
7/6/2024,15:46:00,7/6/2024 15:46,card,ANON-0000-0000-0009,32.82,Latte
7/6/2024,17:01:00,7/6/2024 17:01,card,ANON-0000-0000-0009,32.82,Latte
7/6/2024,9:46:00,7/6/2024 9:46,card,ANON-0000-0000-0012,32.82,Latte
7/6/2024,10:39:00,7/6/2024 10:39,card,ANON-0000-0000-0012,27.92,Americano with Milk
7/7/2024,4:20:00,7/7/2024 4:20,card,ANON-0000-0000-0303,32.82,Cappuccino
7/7/2024,14:29:00,7/7/2024 14:29,card,ANON-0000-0000-0353,27.92,Americano with Milk
7/7/2024,15:36:00,7/7/2024 15:36,card,ANON-0000-0000-0353,27.92,Americano with Milk
7/7/2024,4:48:00,7/7/2024 4:48,card,ANON-0000-0000-0354,32.82,Cappuccino
7/7/2024,5:56:00,7/7/2024 5:56,card,ANON-0000-0000-0354,32.82,Cappuccino
7/7/2024,8:30:00,7/7/2024 8:30,card,ANON-0000-0000-0355,32.82,Hot Chocolate
7/7/2024,9:47:00,7/7/2024 9:47,card,ANON-0000-0000-0355,32.82,Cocoa
7/7/2024,7:50:00,7/7/2024 7:50,card,ANON-0000-0000-0356,32.82,Latte
7/7/2024,9:27:00,7/7/2024 9:27,card,ANON-0000-0000-0357,32.82,Cappuccino
7/7/2024,1:31:00,7/7/2024 1:31,card,ANON-0000-0000-0358,32.82,Hot Chocolate
7/7/2024,9:36:00,7/7/2024 9:36,card,ANON-0000-0000-0359,27.92,Americano with Milk
7/8/2024,9:07:00,7/8/2024 9:07,card,ANON-0000-0000-0360,32.82,Latte
7/8/2024,2:50:00,7/8/2024 2:50,card,ANON-0000-0000-0361,23.02,Americano
7/8/2024,16:24:00,7/8/2024 16:24,card,ANON-0000-0000-0362,23.02,Americano
7/8/2024,6:35:00,7/8/2024 6:35,card,ANON-0000-0000-0363,27.92,Americano with Milk
7/8/2024,14:46:00,7/8/2024 14:46,card,ANON-0000-0000-0019,32.82,Latte
7/9/2024,2:52:00,7/9/2024 2:52,card,ANON-0000-0000-0333,27.92,Americano with Milk
7/9/2024,16:28:00,7/9/2024 16:28,card,ANON-0000-0000-0276,27.92,Americano with Milk
7/9/2024,21:36:00,7/9/2024 21:36,card,ANON-0000-0000-0194,27.92,Americano with Milk
7/9/2024,22:49:00,7/9/2024 22:49,card,ANON-0000-0000-0194,32.82,Cappuccino
7/9/2024,18:59:00,7/9/2024 18:59,card,ANON-0000-0000-0364,27.92,Americano with Milk
7/10/2024,10:41:00,7/10/2024 10:41,card,ANON-0000-0000-0365,23.02,Americano
7/10/2024,4:53:00,7/10/2024 4:53,card,ANON-0000-0000-0366,27.92,Americano with Milk
7/10/2024,13:10:00,7/10/2024 13:10,card,ANON-0000-0000-0328,32.82,Latte
7/11/2024,3:27:00,7/11/2024 3:27,card,ANON-0000-0000-0367,32.82,Hot Chocolate
7/11/2024,0:18:00,7/11/2024 0:18,card,ANON-0000-0000-0368,27.92,Americano with Milk
7/11/2024,22:13:00,7/11/2024 22:13,card,ANON-0000-0000-0369,32.82,Latte
7/11/2024,6:58:00,7/11/2024 6:58,card,ANON-0000-0000-0370,23.02,Americano
7/12/2024,3:17:00,7/12/2024 3:17,card,ANON-0000-0000-0371,23.02,Cortado
7/12/2024,0:33:00,7/12/2024 0:33,card,ANON-0000-0000-0372,32.82,Hot Chocolate
7/12/2024,9:25:00,7/12/2024 9:25,card,ANON-0000-0000-0178,32.82,Hot Chocolate
7/12/2024,10:14:00,7/12/2024 10:14,card,ANON-0000-0000-0177,32.82,Hot Chocolate
7/12/2024,11:29:00,7/12/2024 11:29,card,ANON-0000-0000-0179,32.82,Hot Chocolate
7/13/2024,14:10:00,7/13/2024 14:10,card,ANON-0000-0000-0365,32.82,Latte
7/13/2024,17:38:00,7/13/2024 17:38,card,ANON-0000-0000-0365,32.82,Latte
7/14/2024,6:24:00,7/14/2024 6:24,card,ANON-0000-0000-0373,23.02,Americano
7/14/2024,7:30:00,7/14/2024 7:30,card,ANON-0000-0000-0373,27.92,Americano with Milk
7/14/2024,8:30:00,7/14/2024 8:30,card,ANON-0000-0000-0373,32.82,Cappuccino
7/14/2024,9:54:00,7/14/2024 9:54,card,ANON-0000-0000-0374,32.82,Latte
7/14/2024,2:11:00,7/14/2024 2:11,card,ANON-0000-0000-0375,23.02,Americano
7/14/2024,7:30:00,7/14/2024 7:30,card,ANON-0000-0000-0376,32.82,Latte
7/15/2024,9:05:00,7/15/2024 9:05,card,ANON-0000-0000-0377,32.82,Cappuccino
7/16/2024,23:37:00,7/16/2024 23:37,card,ANON-0000-0000-0378,27.92,Americano with Milk
7/16/2024,5:25:00,7/16/2024 5:25,card,ANON-0000-0000-0367,32.82,Hot Chocolate
7/17/2024,4:59:00,7/17/2024 4:59,card,ANON-0000-0000-0379,27.92,Americano with Milk
7/18/2024,10:13:00,7/18/2024 10:13,card,ANON-0000-0000-0380,27.92,Americano with Milk
7/18/2024,11:23:00,7/18/2024 11:23,card,ANON-0000-0000-0381,18.12,Espresso
7/18/2024,8:59:00,7/18/2024 8:59,card,ANON-0000-0000-0059,23.02,Americano
7/18/2024,10:48:00,7/18/2024 10:48,card,ANON-0000-0000-0059,23.02,Americano
7/18/2024,11:51:00,7/18/2024 11:51,card,ANON-0000-0000-0059,23.02,Cortado
7/18/2024,23:33:00,7/18/2024 23:33,card,ANON-0000-0000-0375,32.82,Latte
7/18/2024,18:23:00,7/18/2024 18:23,card,ANON-0000-0000-0382,32.82,Cappuccino
7/18/2024,6:50:00,7/18/2024 6:50,card,ANON-0000-0000-0009,32.82,Latte
7/18/2024,19:41:00,7/18/2024 19:41,card,ANON-0000-0000-0383,32.82,Hot Chocolate
7/18/2024,21:59:00,7/18/2024 21:59,card,ANON-0000-0000-0383,32.82,Latte
7/18/2024,22:18:00,7/18/2024 22:18,card,ANON-0000-0000-0384,32.82,Latte
7/19/2024,3:02:00,7/19/2024 3:02,card,ANON-0000-0000-0375,23.02,Americano
7/19/2024,16:20:00,7/19/2024 16:20,card,ANON-0000-0000-0385,27.92,Americano with Milk
7/19/2024,10:37:00,7/19/2024 10:37,card,ANON-0000-0000-0386,32.82,Latte
7/19/2024,11:55:00,7/19/2024 11:55,card,ANON-0000-0000-0386,27.92,Americano with Milk
7/19/2024,9:20:00,7/19/2024 9:20,card,ANON-0000-0000-0384,32.82,Latte
7/19/2024,11:22:00,7/19/2024 11:22,card,ANON-0000-0000-0384,32.82,Cocoa
7/19/2024,12:19:00,7/19/2024 12:19,card,ANON-0000-0000-0384,32.82,Latte
7/19/2024,13:35:00,7/19/2024 13:35,card,ANON-0000-0000-0384,32.82,Latte
7/20/2024,5:44:00,7/20/2024 5:44,card,ANON-0000-0000-0387,23.02,Americano
7/20/2024,6:48:00,7/20/2024 6:48,card,ANON-0000-0000-0387,32.82,Latte
7/20/2024,7:51:00,7/20/2024 7:51,card,ANON-0000-0000-0387,23.02,Americano
7/20/2024,0:53:00,7/20/2024 0:53,card,ANON-0000-0000-0388,32.82,Latte
7/20/2024,2:27:00,7/20/2024 2:27,card,ANON-0000-0000-0389,32.82,Latte
7/20/2024,15:21:00,7/20/2024 15:21,card,ANON-0000-0000-0390,23.02,Americano
7/20/2024,15:09:00,7/20/2024 15:09,card,ANON-0000-0000-0391,32.82,Latte
7/21/2024,6:55:00,7/21/2024 6:55,card,ANON-0000-0000-0367,32.82,Cocoa
7/21/2024,15:28:00,7/21/2024 15:28,card,ANON-0000-0000-0392,32.82,Cappuccino
7/21/2024,10:30:00,7/21/2024 10:30,card,ANON-0000-0000-0393,23.02,Cortado
7/21/2024,18:31:00,7/21/2024 18:31,card,ANON-0000-0000-0394,32.82,Latte
7/22/2024,13:23:00,7/22/2024 13:23,card,ANON-0000-0000-0375,23.02,Americano
7/22/2024,16:49:00,7/22/2024 16:49,card,ANON-0000-0000-0395,23.02,Americano
7/22/2024,15:37:00,7/22/2024 15:37,card,ANON-0000-0000-0385,27.92,Americano with Milk
7/22/2024,20:37:00,7/22/2024 20:37,card,ANON-0000-0000-0396,32.82,Latte
7/23/2024,12:56:00,7/23/2024 12:56,card,ANON-0000-0000-0197,32.82,Latte
7/23/2024,16:19:00,7/23/2024 16:19,card,ANON-0000-0000-0395,23.02,Americano
7/23/2024,20:53:00,7/23/2024 20:53,card,ANON-0000-0000-0397,27.92,Americano with Milk
7/23/2024,1:25:00,7/23/2024 1:25,card,ANON-0000-0000-0398,32.82,Cocoa
7/23/2024,3:10:00,7/23/2024 3:10,card,ANON-0000-0000-0399,32.82,Latte
7/23/2024,1:45:00,7/23/2024 1:45,card,ANON-0000-0000-0375,23.02,Americano
7/23/2024,3:36:00,7/23/2024 3:36,card,ANON-0000-0000-0400,27.92,Americano with Milk
7/23/2024,20:05:00,7/23/2024 20:05,card,ANON-0000-0000-0401,27.92,Americano with Milk
7/23/2024,21:01:00,7/23/2024 21:01,card,ANON-0000-0000-0401,32.82,Latte
7/23/2024,1:40:00,7/23/2024 1:40,card,ANON-0000-0000-0009,32.82,Latte
7/23/2024,23:13:00,7/23/2024 23:13,card,ANON-0000-0000-0012,23.02,Americano
7/23/2024,0:22:00,7/23/2024 0:22,card,ANON-0000-0000-0012,23.02,Americano
7/24/2024,16:09:00,7/24/2024 16:09,card,ANON-0000-0000-0097,27.92,Americano with Milk
7/24/2024,14:55:00,7/24/2024 14:55,card,ANON-0000-0000-0385,27.92,Americano with Milk
7/24/2024,6:37:00,7/24/2024 6:37,card,ANON-0000-0000-0402,18.12,Espresso
7/24/2024,19:53:00,7/24/2024 19:53,card,ANON-0000-0000-0379,32.82,Cappuccino
7/24/2024,7:13:00,7/24/2024 7:13,card,ANON-0000-0000-0399,32.82,Latte
7/24/2024,21:49:00,7/24/2024 21:49,card,ANON-0000-0000-0012,18.12,Espresso
7/24/2024,18:30:00,7/24/2024 18:30,card,ANON-0000-0000-0009,32.82,Latte
7/24/2024,15:05:00,7/24/2024 15:05,card,ANON-0000-0000-0205,32.82,Cappuccino
7/24/2024,16:59:00,7/24/2024 16:59,card,ANON-0000-0000-0205,32.82,Cappuccino
7/24/2024,17:36:00,7/24/2024 17:36,card,ANON-0000-0000-0040,27.92,Americano with Milk
7/24/2024,18:41:00,7/24/2024 18:41,card,ANON-0000-0000-0040,23.02,Americano
7/24/2024,1:17:00,7/24/2024 1:17,card,ANON-0000-0000-0012,23.02,Americano
7/25/2024,6:47:00,7/25/2024 6:47,card,ANON-0000-0000-0012,23.02,Americano
7/25/2024,1:18:00,7/25/2024 1:18,card,ANON-0000-0000-0399,32.82,Latte
7/25/2024,5:44:00,7/25/2024 5:44,card,ANON-0000-0000-0385,27.92,Americano with Milk
7/25/2024,2:04:00,7/25/2024 2:04,card,ANON-0000-0000-0375,23.02,Americano
7/25/2024,1:06:00,7/25/2024 1:06,card,ANON-0000-0000-0403,32.82,Cappuccino
7/25/2024,21:00:00,7/25/2024 21:00,card,ANON-0000-0000-0257,32.82,Cappuccino
7/25/2024,6:01:00,7/25/2024 6:01,card,ANON-0000-0000-0404,23.02,Cortado
7/25/2024,6:50:00,7/25/2024 6:50,card,ANON-0000-0000-0404,18.12,Espresso
7/25/2024,14:51:00,7/25/2024 14:51,card,ANON-0000-0000-0328,23.02,Cortado
7/25/2024,15:46:00,7/25/2024 15:46,card,ANON-0000-0000-0405,32.82,Cocoa
7/26/2024,9:01:00,7/26/2024 9:01,card,ANON-0000-0000-0406,32.82,Latte
7/26/2024,19:37:00,7/26/2024 19:37,card,ANON-0000-0000-0097,27.92,Americano with Milk
7/26/2024,20:34:00,7/26/2024 20:34,card,ANON-0000-0000-0059,18.12,Espresso
7/26/2024,9:11:00,7/26/2024 9:11,card,ANON-0000-0000-0407,23.02,Cortado
7/26/2024,10:16:00,7/26/2024 10:16,card,ANON-0000-0000-0407,23.02,Cortado
7/26/2024,11:07:00,7/26/2024 11:07,card,ANON-0000-0000-0408,32.82,Latte
7/26/2024,0:02:00,7/26/2024 0:02,card,ANON-0000-0000-0408,32.82,Latte
7/26/2024,23:13:00,7/26/2024 23:13,card,ANON-0000-0000-0385,27.92,Americano with Milk
7/26/2024,7:01:00,7/26/2024 7:01,card,ANON-0000-0000-0379,27.92,Americano with Milk
7/26/2024,4:08:00,7/26/2024 4:08,card,ANON-0000-0000-0339,32.82,Cappuccino
7/26/2024,5:17:00,7/26/2024 5:17,card,ANON-0000-0000-0339,32.82,Cappuccino
7/26/2024,9:56:00,7/26/2024 9:56,card,ANON-0000-0000-0409,32.82,Latte
7/26/2024,23:29:00,7/26/2024 23:29,card,ANON-0000-0000-0410,23.02,Americano
7/26/2024,10:29:00,7/26/2024 10:29,card,ANON-0000-0000-0411,32.82,Cappuccino
7/26/2024,15:09:00,7/26/2024 15:09,card,ANON-0000-0000-0009,32.82,Latte
7/26/2024,1:52:00,7/26/2024 1:52,card,ANON-0000-0000-0412,27.92,Americano with Milk
7/27/2024,9:16:00,7/27/2024 9:16,card,ANON-0000-0000-0097,32.82,Cappuccino
7/27/2024,7:31:00,7/27/2024 7:31,card,ANON-0000-0000-0413,27.92,Americano with Milk
7/27/2024,1:10:00,7/27/2024 1:10,card,ANON-0000-0000-0059,27.92,Americano with Milk
7/27/2024,2:13:00,7/27/2024 2:13,card,ANON-0000-0000-0040,18.12,Espresso
7/27/2024,9:23:00,7/27/2024 9:23,card,ANON-0000-0000-0059,27.92,Americano with Milk
7/27/2024,4:41:00,7/27/2024 4:41,card,ANON-0000-0000-0225,18.12,Espresso
7/27/2024,3:53:00,7/27/2024 3:53,card,ANON-0000-0000-0077,32.82,Latte
7/27/2024,2:33:00,7/27/2024 2:33,card,ANON-0000-0000-0414,32.82,Cappuccino
7/27/2024,3:39:00,7/27/2024 3:39,card,ANON-0000-0000-0415,32.82,Cappuccino
7/27/2024,9:00:00,7/27/2024 9:00,card,ANON-0000-0000-0416,27.92,Americano with Milk
7/27/2024,10:08:00,7/27/2024 10:08,card,ANON-0000-0000-0416,27.92,Americano with Milk
7/27/2024,7:20:00,7/27/2024 7:20,card,ANON-0000-0000-0009,32.82,Latte
7/27/2024,8:23:00,7/27/2024 8:23,card,ANON-0000-0000-0417,32.82,Cappuccino
7/28/2024,7:25:00,7/28/2024 7:25,card,ANON-0000-0000-0012,18.12,Espresso
7/28/2024,17:54:00,7/28/2024 17:54,card,ANON-0000-0000-0276,27.92,Americano with Milk
7/28/2024,18:52:00,7/28/2024 18:52,card,ANON-0000-0000-0276,32.82,Latte
7/29/2024,12:06:00,7/29/2024 12:06,card,ANON-0000-0000-0418,32.82,Latte
7/29/2024,4:48:00,7/29/2024 4:48,card,ANON-0000-0000-0012,23.02,Americano
7/29/2024,15:46:00,7/29/2024 15:46,card,ANON-0000-0000-0097,27.92,Americano with Milk
7/29/2024,19:44:00,7/29/2024 19:44,card,ANON-0000-0000-0003,23.02,Americano
7/29/2024,3:24:00,7/29/2024 3:24,card,ANON-0000-0000-0419,27.92,Americano with Milk
7/29/2024,10:29:00,7/29/2024 10:29,card,ANON-0000-0000-0420,32.82,Cappuccino
7/29/2024,19:44:00,7/29/2024 19:44,card,ANON-0000-0000-0421,32.82,Hot Chocolate
7/29/2024,20:55:00,7/29/2024 20:55,card,ANON-0000-0000-0421,32.82,Hot Chocolate
7/29/2024,6:31:00,7/29/2024 6:31,card,ANON-0000-0000-0422,32.82,Cappuccino
7/29/2024,6:16:00,7/29/2024 6:16,card,ANON-0000-0000-0099,23.02,Americano
7/29/2024,9:34:00,7/29/2024 9:34,card,ANON-0000-0000-0328,32.82,Cocoa
7/30/2024,17:10:00,7/30/2024 17:10,card,ANON-0000-0000-0423,27.92,Americano with Milk
7/30/2024,5:07:00,7/30/2024 5:07,card,ANON-0000-0000-0424,23.02,Cortado
7/30/2024,20:51:00,7/30/2024 20:51,card,ANON-0000-0000-0425,32.82,Cappuccino
7/30/2024,13:43:00,7/30/2024 13:43,card,ANON-0000-0000-0097,27.92,Americano with Milk
7/30/2024,17:11:00,7/30/2024 17:11,card,ANON-0000-0000-0141,23.02,Cortado
7/30/2024,19:34:00,7/30/2024 19:34,card,ANON-0000-0000-0276,27.92,Americano with Milk
7/30/2024,23:20:00,7/30/2024 23:20,card,ANON-0000-0000-0250,32.82,Latte
7/30/2024,12:07:00,7/30/2024 12:07,card,ANON-0000-0000-0426,23.02,Americano
7/30/2024,13:16:00,7/30/2024 13:16,card,ANON-0000-0000-0426,18.12,Espresso
7/30/2024,14:41:00,7/30/2024 14:41,card,ANON-0000-0000-0427,27.92,Americano with Milk
7/30/2024,16:01:00,7/30/2024 16:01,card,ANON-0000-0000-0428,27.92,Americano with Milk
7/30/2024,6:34:00,7/30/2024 6:34,card,ANON-0000-0000-0429,27.92,Americano with Milk
7/30/2024,7:40:00,7/30/2024 7:40,card,ANON-0000-0000-0430,27.92,Americano with Milk
7/30/2024,8:07:00,7/30/2024 8:07,card,ANON-0000-0000-0431,32.82,Latte
7/30/2024,16:09:00,7/30/2024 16:09,card,ANON-0000-0000-0432,27.92,Americano with Milk
7/30/2024,8:52:00,7/30/2024 8:52,card,ANON-0000-0000-0433,23.02,Cortado
7/30/2024,9:43:00,7/30/2024 9:43,card,ANON-0000-0000-0433,27.92,Americano with Milk
7/30/2024,0:19:00,7/30/2024 0:19,card,ANON-0000-0000-0434,18.12,Espresso
7/30/2024,5:51:00,7/30/2024 5:51,card,ANON-0000-0000-0097,27.92,Americano with Milk
7/30/2024,6:46:00,7/30/2024 6:46,card,ANON-0000-0000-0097,27.92,Americano with Milk
7/30/2024,9:02:00,7/30/2024 9:02,card,ANON-0000-0000-0347,27.92,Americano with Milk
7/30/2024,9:19:00,7/30/2024 9:19,card,ANON-0000-0000-0435,32.82,Latte
7/30/2024,15:21:00,7/30/2024 15:21,card,ANON-0000-0000-0436,23.02,Americano
7/30/2024,16:19:00,7/30/2024 16:19,card,ANON-0000-0000-0436,32.82,Cappuccino
7/31/2024,11:52:00,7/31/2024 11:52,card,ANON-0000-0000-0423,27.92,Americano with Milk
7/31/2024,13:41:00,7/31/2024 13:41,card,ANON-0000-0000-0437,27.92,Americano with Milk
7/31/2024,14:38:00,7/31/2024 14:38,card,ANON-0000-0000-0437,27.92,Americano with Milk
7/31/2024,6:45:00,7/31/2024 6:45,card,ANON-0000-0000-0388,23.02,Americano
7/31/2024,7:45:00,7/31/2024 7:45,card,ANON-0000-0000-0388,23.02,Americano
7/31/2024,10:15:00,7/31/2024 10:15,card,ANON-0000-0000-0276,27.92,Americano with Milk
7/31/2024,11:42:00,7/31/2024 11:42,card,ANON-0000-0000-0384,32.82,Cocoa
7/31/2024,14:00:00,7/31/2024 14:00,card,ANON-0000-0000-0384,32.82,Latte
7/31/2024,0:49:00,7/31/2024 0:49,card,ANON-0000-0000-0438,27.92,Americano with Milk
7/31/2024,0:06:00,7/31/2024 0:06,card,ANON-0000-0000-0439,23.02,Cortado
7/31/2024,4:15:00,7/31/2024 4:15,card,ANON-0000-0000-0440,32.82,Latte
7/31/2024,22:38:00,7/31/2024 22:38,card,ANON-0000-0000-0441,23.02,Cortado
7/31/2024,4:45:00,7/31/2024 4:45,card,ANON-0000-0000-0009,32.82,Latte
7/31/2024,22:42:00,7/31/2024 22:42,card,ANON-0000-0000-0442,32.82,Cocoa
7/31/2024,2:07:00,7/31/2024 2:07,card,ANON-0000-0000-0443,23.02,Cortado
7/31/2024,3:10:00,7/31/2024 3:10,card,ANON-0000-0000-0443,32.82,Latte
7/31/2024,4:14:00,7/31/2024 4:14,card,ANON-0000-0000-0153,32.82,Cappuccino
7/31/2024,5:35:00,7/31/2024 5:35,card,ANON-0000-0000-0443,23.02,Cortado
7/31/2024,11:25:00,7/31/2024 11:25,card,ANON-0000-0000-0040,27.92,Americano with Milk
7/31/2024,2:26:00,7/31/2024 2:26,card,ANON-0000-0000-0444,32.82,Latte
7/31/2024,6:11:00,7/31/2024 6:11,card,ANON-0000-0000-0445,32.82,Latte
7/31/2024,7:16:00,7/31/2024 7:16,card,ANON-0000-0000-0446,32.82,Latte
